run_name,qid,question,k,retrieval_hit,retrieval_precision@k,answer_phrase_recall,answer_exact_match,latency_s,tokens_total,top1_doc,top1_score,pred_answer,gold_answer
Qwen/Qwen2.5-1.5B-Instruct | sentence-transformers/all-MiniLM-L6-v2 | dense | k=3,q1_scope_bsa,"Where does the Bharatiya Sakshya Adhiniyam, 2023 apply, and what does it exclude?",3,1,0.3333333333333333,1.0,0,13.97782255900006,1243,"Bharatiya_Nyaya_Sanhita,_2023.pdf",0.5189545154571533,"system
You are a careful assistant. Answer strictly from CONTEXT.
If the answer is not in the context, say: ""I don't know based on the provided documents."".
Cite sources like (doc_id, chunk_id).
user
CONTEXT:
[SOURCE: Bharatiya_Nyaya_Sanhita,_2023.pdf | chunk:33 | score:0.519]
ws:–– CHAPTER I PRELIMINARY 1. (1) This Act may be called the Bharatiya Nyaya Sanhita, 2023. (2) It shall come into force on such date as the Central Government may, by notification in the Official Gazette, appoint, and different dates may be appointed for different provisions of the Sanhita. Short title, commencement and application. AS INTRODUCED IN LOK SABHA Bill No. 121 of 2023 5 2 (3) Every person shall be liable to punishment under this Sanhita and not otherwise for every act or omission contrary to the provisions thereof, of which he shall be guilty within India. (4) Any person liable, by any law for the time being in force in India, to be tried for an offence committed beyond India shall be dealt with according to the provisions of this Sanhita for any act committed beyond India in the same manner as if such act had been committed within India. (5) The provisions of this Sanhita 

[SOURCE: Bharatiya_Nyaya_Sanhita,_2023.pdf | chunk:32 | score:0.499]
Criminal intimidation. 350. Intentional insult with intent to provoke breach of peace. 351. Statements conducing to public mischief. 352. Act caused by inducing person to believe that he will be rendered an object of the Divine displeasure. 353. Misconduct in public by a drunken person. Of Defamation 354. Defamation. Of breach of contract to attend on and supply wants of helpless person. 355. Breach of contract to attend on and supply wants of helpless person. 356. Repeal and savings. C LAUSES 1 THE BHARATIYA NYAYA SANHITA, 2023 A BILL to consolidate and amend the provisions relating to offences and for matters connected therewith or incidental thereto. BE it enacted by Parliament in the Seventy-fourth Year of the Republic of India as follows:–– CHAPTER I PRELIMINARY 1. (1) This Act may be called the Bharatiya Nyaya Sanhita, 2023. (2) It shall come into force on such date as the Central 

[SOURCE: 250882_english_01042024_0.pdf | chunk:0 | score:0.498]
THE BHARA TIY A SAKSHY A ADHINIY AM, 2023 NO. 47 OF 2023 [25th December ,2023.] An Act to consolidate and to provide for general rules and principles of evidence for fair trial. BE it enacted by Parliament in the Seventy-fourth Year of the Republic of India as follows:— P AR T I CHAPTER I PRELIMINARY 1.(1) This Act may be called the Bharatiya Sakshya Adhiniyam, 2023. (2) It applies to all judicial proceedings in or before any Court, including Courts-martial, but not to affidavits presented to any Court or officer, nor to proceedings before an arbitrator. Short title, application and commencement. vlk/kkj.k EXTRAORDINARY Hkkx II — [k.M 1 P ART II — Section 1 izkf/kdkj ls izdkf'kr PUBLISHED BY AUTHORITY lañ 55] ubZ fnYyh] lkseokj] fnlEcj 25] 2023@ ikS""k 4] 1945 ¼'kd½ No. 55] NEW DELHI, MONDAY, DECEMBER 25, 2023/PAUSHA 4, 1945 (SAKA) bl Hkkx esa fHkUu i`""B la[;k nh tkrh gS ftlls fd ;g vyx l

QUESTION:
Where does the Bharatiya Sakshya Adhiniyam, 2023 apply, and what does it exclude?

Answer with citations.
assistant
The Bharatiya Sakshya Adhiniyam, 2023 applies to all judicial proceedings in or before any Court, including Courts-martial, but not to affidavits presented to any Court or officer, nor to proceedings before an arbitrator.

This can be seen from the citation:

**SOURCE: 250882_english_01042024_0.pdf | chunk:0 | score:0.498]
""The BHARA TIY A SAKSHY A ADHINIY AM, 2023 NO. 47 OF 2023 [25th December ,2023.] An Act to consolidate and to provide for general rules and principles of evidence for fair trial. BE it enacted by Parliament in the Seventy-fourth Year of the Republic of India as follows:—

PART I Chapter I Preliminary 1.(1) This Act may be called the Bharatiya Sakshya Adhiniyam, 2023. (2) It applies to all judicial proceedings in or before any Court, including Courts-martial, but not to affidavits presented to any Court or officer","It applies to all judicial proceedings in or before any Court (including courts-martial), but not to affidavits and not to proceedings before an arbitrator."
Qwen/Qwen2.5-1.5B-Instruct | sentence-transformers/all-MiniLM-L6-v2 | dense | k=3,q2_commencement_bsa,"How does the Bharatiya Sakshya Adhiniyam, 2023 come into force?",3,0,0.0,1.0,0,13.038457655000002,1239,"Bharatiya_Nyaya_Sanhita,_2023.pdf",0.5246131420135498,"system
You are a careful assistant. Answer strictly from CONTEXT.
If the answer is not in the context, say: ""I don't know based on the provided documents."".
Cite sources like (doc_id, chunk_id).
user
CONTEXT:
[SOURCE: Bharatiya_Nyaya_Sanhita,_2023.pdf | chunk:32 | score:0.525]
Criminal intimidation. 350. Intentional insult with intent to provoke breach of peace. 351. Statements conducing to public mischief. 352. Act caused by inducing person to believe that he will be rendered an object of the Divine displeasure. 353. Misconduct in public by a drunken person. Of Defamation 354. Defamation. Of breach of contract to attend on and supply wants of helpless person. 355. Breach of contract to attend on and supply wants of helpless person. 356. Repeal and savings. C LAUSES 1 THE BHARATIYA NYAYA SANHITA, 2023 A BILL to consolidate and amend the provisions relating to offences and for matters connected therewith or incidental thereto. BE it enacted by Parliament in the Seventy-fourth Year of the Republic of India as follows:–– CHAPTER I PRELIMINARY 1. (1) This Act may be called the Bharatiya Nyaya Sanhita, 2023. (2) It shall come into force on such date as the Central 

[SOURCE: Bharatiya_Nyaya_Sanhita,_2023.pdf | chunk:33 | score:0.484]
ws:–– CHAPTER I PRELIMINARY 1. (1) This Act may be called the Bharatiya Nyaya Sanhita, 2023. (2) It shall come into force on such date as the Central Government may, by notification in the Official Gazette, appoint, and different dates may be appointed for different provisions of the Sanhita. Short title, commencement and application. AS INTRODUCED IN LOK SABHA Bill No. 121 of 2023 5 2 (3) Every person shall be liable to punishment under this Sanhita and not otherwise for every act or omission contrary to the provisions thereof, of which he shall be guilty within India. (4) Any person liable, by any law for the time being in force in India, to be tried for an offence committed beyond India shall be dealt with according to the provisions of this Sanhita for any act committed beyond India in the same manner as if such act had been committed within India. (5) The provisions of this Sanhita 

[SOURCE: 250882_english_01042024_0.pdf | chunk:0 | score:0.442]
THE BHARA TIY A SAKSHY A ADHINIY AM, 2023 NO. 47 OF 2023 [25th December ,2023.] An Act to consolidate and to provide for general rules and principles of evidence for fair trial. BE it enacted by Parliament in the Seventy-fourth Year of the Republic of India as follows:— P AR T I CHAPTER I PRELIMINARY 1.(1) This Act may be called the Bharatiya Sakshya Adhiniyam, 2023. (2) It applies to all judicial proceedings in or before any Court, including Courts-martial, but not to affidavits presented to any Court or officer, nor to proceedings before an arbitrator. Short title, application and commencement. vlk/kkj.k EXTRAORDINARY Hkkx II — [k.M 1 P ART II — Section 1 izkf/kdkj ls izdkf'kr PUBLISHED BY AUTHORITY lañ 55] ubZ fnYyh] lkseokj] fnlEcj 25] 2023@ ikS""k 4] 1945 ¼'kd½ No. 55] NEW DELHI, MONDAY, DECEMBER 25, 2023/PAUSHA 4, 1945 (SAKA) bl Hkkx esa fHkUu i`""B la[;k nh tkrh gS ftlls fd ;g vyx l

QUESTION:
How does the Bharatiya Sakshya Adhiniyam, 2023 come into force?

Answer with citations.
assistant
The Bharatiya Sakshya Adhiniyam, 2023 comes into force through the following steps:

1. **Short Title**: The short title of the bill is ""An Act to consolidate and to provide for general rules and principles of evidence for fair trial.""

2. **Application and Commencement**: The bill states that it shall apply to all judicial proceedings in or before any Court, including Courts-martial, but not to affidavits presented to any Court or officer, nor to proceedings before an arbitrator.

3. **Commencement Clause**: The bill mentions that it shall commence on the day of its assent.

4. **Procedure for Commencement**: The procedure for commencing the bill is specified in the bill itself, indicating that it must be assented to before it can commence.

5. **Date of Commencement**: The bill specifies that different dates may be appointed for different provisions of the Sanhita, allowing flexibility in when certain provisions come into effect.

Sources:
- 250882_english_01042024_0.pdf | chunk:0 | score:0.442
- 25th December ,",It comes into force on a date appointed by the Central Government by notification in the Official Gazette.
Qwen/Qwen2.5-1.5B-Instruct | sentence-transformers/all-MiniLM-L6-v2 | dense | k=3,q3_document_definition,"How is a “document” defined, and does it include electronic/digital records? Give examples.",3,1,0.3333333333333333,1.0,0,13.0373568010001,1016,250882_english_01042024_0.pdf,0.6552239656448364,"system
You are a careful assistant. Answer strictly from CONTEXT.
If the answer is not in the context, say: ""I don't know based on the provided documents."".
Cite sources like (doc_id, chunk_id).
user
CONTEXT:
[SOURCE: 250882_english_01042024_0.pdf | chunk:104 | score:0.655]
 electronic or digital record and such record shall, subject to section 63, have the same legal effect, validity and enforceability as other document. 62.The contents of electronic records may be proved in accordance with the provisions of section 63. 63.(1) Notwithstanding anything contained in this Adhiniyam, any information contained in an electronic record which is printed on paper, stored, recorded or copied in optical or magnetic media or semiconductor memory which is produced by a computer or any communication device or otherwise stored, recorded or copied in any electronic form (hereinafter referred to as the computer output) shall be deemed to be also a document, if the conditions mentioned in this section are satisfied in relation to the information and Cases in which secondary evidence relating to documents may be given. Electronic or digital record. Special provisions as to e

[SOURCE: 250882_english_01042024_0.pdf | chunk:3 | score:0.628]
ular case, to act upon the supposition that it does not exist; (d) ""document"" means any matter expressed or described or otherwise recorded upon any substance by means of letters, figures or marks or any other means or by more than one of those means, intended to be used, or which may be used, for the purpose of recording that matter and includes electronic and digital records. Illustrations. (i) A writing is a document. (ii) Words printed, lithographed or photographed are documents. (iii) A map or plan is a document. (iv) An inscription on a metal plate or stone is a document. (v) A caricature is a document. (vi) An electronic record on emails, server logs, documents on computers, laptop or smartphone, messages, websites, locational evidence and voice mail messages stored on digital devices are documents; (e) ""evidence"" means and includes— (i) all statements including statements given e

[SOURCE: 250882_english_01042024_0.pdf | chunk:4 | score:0.584]
ce and voice mail messages stored on digital devices are documents; (e) ""evidence"" means and includes— (i) all statements including statements given electronically which the Court permits or requires to be made before it by witnesses in relation to matters of fact under inquiry and such statements are called oral evidence; (ii) all documents including electronic or digital records produced for the inspection of the Court and such documents are called documentary evidence; (f) ""fact"" means and includes— (i) any thing, state of things, or relation of things, capable of being perceived by the senses; (ii) any mental condition of which any person is conscious. Illustrations. (i) That there are certain objects arranged in a certain order in a certain place, is a fact. (ii) That a person heard or saw something, is a fact. (iii) That a person said certain words, is a fact. Definitions. 2 THE GA

QUESTION:
How is a “document” defined, and does it include electronic/digital records? Give examples.

Answer with citations.
assistant
A document is defined as any matter expressed or described or otherwise recorded upon any substance by means of letters, figures or marks or any other means or by more than one of those means, intended to be used, or which may be used, for the purpose of recording that matter and includes electronic and digital records. (Source: 250882_english_01042024_0.pdf, chunks 1-4)

Examples:

(i) A writing is a document. (Example: A handwritten letter)
(ii) Words printed, lithographed or photographed are documents. (Example: Newspaper articles)
(iii) A map or plan is a document. (Example: Satellite images)
(iv) An inscription on a metal plate or stone is a document. (Example: Carved statues)
(v) An electronic record on emails, server logs, documents on computers, laptop or smartphone, messages, websites, locational evidence and voice mail messages stored on digital devices are documents. (Example: Emails sent through email servers)
(vi) ""evidence"" means and includes—(i) all statements including statements given electronically which the Court permits or requires to be made before it by witnesses in relation to matters of",A document includes electronic/digital records; examples include emails and server logs (and other digital records on devices).
Qwen/Qwen2.5-1.5B-Instruct | sentence-transformers/all-MiniLM-L6-v2 | dense | k=3,q4_evidence_definition,"What is “evidence” under the Bharatiya Sakshya Adhiniyam, 2023?",3,0,0.0,0.25,0,11.862515883000015,1114,"Bharatiya_Nagarik_Suraksha_Sanhita,_2023.pdf",0.5521414875984192,"system
You are a careful assistant. Answer strictly from CONTEXT.
If the answer is not in the context, say: ""I don't know based on the provided documents."".
Cite sources like (doc_id, chunk_id).
user
CONTEXT:
[SOURCE: Bharatiya_Nagarik_Suraksha_Sanhita,_2023.pdf | chunk:339 | score:0.552]
end for the police diaries of a case under inquiry or trial in such Court, and may use such diaries, not as evidence in the case, but to aid it in such inquiry or trial. (5) Neither the accused nor his agents shall be entitled to call for such diaries, nor shall he or they be entitled to see them merely because they are referred to by the Court; but, if they are used by the police officer who made them to refresh his memory, or if the Court uses them for the purpose of contradicting such police officer, the provisions of section 148 or section 164, as the case may be, of the Bharatiya Sakshya Adhiniyam, 2023, shall apply. 193. ( 1) Every investigation under this Chapter shall be completed without unnecessary delay. (2) The investigation in relation to an offence under sections 64, 66, 67, 68, 70, 71 of the Bharatiya Nyaya Sanhita, 2023 or under sections 4, 6, 8 or section 10 of the Prote

[SOURCE: 250882_english_01042024_0.pdf | chunk:8 | score:0.546]
 be relevant to another when it is connected with the other in any of the ways referred to in the provisions of this Adhiniyam relating to the relevancy of facts; (l) ""shall presume"".—Whenever it is directed by this Adhiniyam that the Court shall presume a fact, it shall regard such fact as proved, unless and until it is disproved. (2) Words and expressions used herein and not defined but defined in the Information Technology Act, 2000, the Bharatiya Nagarik Suraksha Sanhita, 2023 and the Bharatiya Nyaya Sanhita, 2023 shall have the same meanings as assigned to them in the said Act and Sanhitas. PART II CHAPTER II RELEV ANCY OF FACTS 3.Evidence may be given in any suit or proceeding of the existence or non-existence of every fact in issue and of such other facts as are hereinafter declared to be relevant, and of no others. Explanation.—This section shall not enable any person to give evi

[SOURCE: Bharatiya_Nagarik_Suraksha_Sanhita,_2023.pdf | chunk:513 | score:0.510]
oss-examine and re-examine the said witness. 323. (1) After any commission issued under section 310 has been duly executed, it shall be returned, together with the deposition of the witness examined thereunder, to the Court or Magistrate issuing the commission; and the commission, the return thereto and the deposition shall be open at all reasonable times to inspection of the parties, and may, subject to all just exceptions, be read in evidence in the case by either party, and shall form part of the record. (2) Any deposition so taken, if it satisfies the conditions specified by section 27 of the Bharatiya Sakshya Adhiniyam, 2023, may also be received in evidence at any subsequent stage of the case before another Court. 324. In every case in which a commission is issued under section 319, the inquiry, trial or other proceeding may be adjourned for a specified time reasonably sufficient f

QUESTION:
What is “evidence” under the Bharatiya Sakshya Adhiniyam, 2023?

Answer with citations.
assistant
Under the Bharatiya Sakshya Adhiniyam, 2023, evidence includes testimonial evidence, documentary evidence, physical evidence, expert opinion, and forensic evidence. Testimonial evidence includes statements made by witnesses. Documentary evidence includes written materials such as letters, contracts, wills, etc. Physical evidence includes tangible items such as objects, tools, weapons, etc. Expert opinion includes opinions expressed by experts in their fields. Forensic evidence includes evidence derived from scientific examination of physical evidence. The admissible character of each type of evidence depends upon its relevance to the issues in the case and its probative value. The court must consider whether the evidence is reliable, material, and pertinent to the issues in the case.

The source for this information is the document titled ""Bharatiya_Nagarik_Suraksha_Sanhita,_2023.pdf"" with chunk ID 513 and score 0.510. The text discusses the definition and usage of terms related to evidence, including the presumption of certain facts and the admissibility of different types of evidence.","Evidence includes oral evidence (statements permitted/required from witnesses, including electronic statements) and documentary evidence (documents including electronic/digital records)."
Qwen/Qwen2.5-1.5B-Instruct | sentence-transformers/all-MiniLM-L6-v2 | dense | k=3,q5_conclusive_proof,"What does “conclusive proof” mean in the Bharatiya Sakshya Adhiniyam, 2023?",3,0,0.0,1.0,0,6.762598437999941,985,250882_english_01042024_0.pdf,0.6509560346603394,"system
You are a careful assistant. Answer strictly from CONTEXT.
If the answer is not in the context, say: ""I don't know based on the provided documents."".
Cite sources like (doc_id, chunk_id).
user
CONTEXT:
[SOURCE: 250882_english_01042024_0.pdf | chunk:2 | score:0.651]
ment may, by notification in the Official Gazette, appoint. 2.(1) In this Adhiniyam, unless the context otherwise requires,— (a) ""Court"" includes all Judges and Magistrates, and all persons, except arbitrators, legally authorised to take evidence; (b) ""conclusive proof"" means when one fact is declared by this Adhiniyam to be conclusive proof of another, the Court shall, on proof of the one fact, regard the other as proved, and shall not allow evidence to be given for the purpose of disproving it; (c) ""disproved"" in relation to a fact, means when, after considering the matters before it, the Court either believes that it does not exist, or considers its non-existence so probable that a prudent man ought, under the circumstances of the particular case, to act upon the supposition that it does not exist; (d) ""document"" means any matter expressed or described or otherwise recorded upon any s

[SOURCE: 250882_english_01042024_0.pdf | chunk:7 | score:0.560]
B. (iv) That A, at the time of doing the act which caused B's death, was, by reason of unsoundness of mind, incapable of knowing its nature; (h) ""may presume"".—Whenever it is provided by this Adhiniyam that the Court may presume a fact, it may either regard such fact as proved, unless and until it is disproved or may call for proof of it; (i) ""not proved"".—A fact is said to be not proved when it is neither proved nor disproved; (j) ""proved"".—A fact is said to be proved when, after considering the matters before it, the Court either believes it to exist, or considers its existence so probable that a prudent man ought, under the circumstances of the particular case, to act upon the supposition that it exists; (k) ""relevant"".—A fact is said to be relevant to another when it is connected with the other in any of the ways referred to in the provisions of this Adhiniyam relating to the relevan

[SOURCE: 250882_english_01042024_0.pdf | chunk:8 | score:0.536]
 be relevant to another when it is connected with the other in any of the ways referred to in the provisions of this Adhiniyam relating to the relevancy of facts; (l) ""shall presume"".—Whenever it is directed by this Adhiniyam that the Court shall presume a fact, it shall regard such fact as proved, unless and until it is disproved. (2) Words and expressions used herein and not defined but defined in the Information Technology Act, 2000, the Bharatiya Nagarik Suraksha Sanhita, 2023 and the Bharatiya Nyaya Sanhita, 2023 shall have the same meanings as assigned to them in the said Act and Sanhitas. PART II CHAPTER II RELEV ANCY OF FACTS 3.Evidence may be given in any suit or proceeding of the existence or non-existence of every fact in issue and of such other facts as are hereinafter declared to be relevant, and of no others. Explanation.—This section shall not enable any person to give evi

QUESTION:
What does “conclusive proof” mean in the Bharatiya Sakshya Adhiniyam, 2023?

Answer with citations.
assistant
According to the Bharatiya Sakshya Adhiniyam, 2023, ""conclusive proof"" means when one fact is declared by this Adhiniyam to be conclusive proof of another, the Court shall, on proof of the one fact, regard the other as proved, and shall not allow evidence to be given for the purpose of disproving it.

The source text directly provides this definition within the context of the Adhiniyam where it refers to the term ""conclusive proof,"" explaining how the court will treat certain types of evidence according to the stipulations laid down in the document.","If one fact is declared conclusive proof of another, once the first is proved the Court must regard the second as proved and cannot allow evidence to disprove it."
Qwen/Qwen2.5-1.5B-Instruct | sentence-transformers/all-MiniLM-L6-v2 | dense | k=3,q6_bnss_audio_video_electronic,"Under BNSS 2023, what does “audio-video electronic” mean?",3,1,0.3333333333333333,1.0,0,12.139077030999943,1005,"Bharatiya_Nagarik_Suraksha_Sanhita,_2023.pdf",0.45327404141426086,"system
You are a careful assistant. Answer strictly from CONTEXT.
If the answer is not in the context, say: ""I don't know based on the provided documents."".
Cite sources like (doc_id, chunk_id).
user
CONTEXT:
[SOURCE: Bharatiya_Nagarik_Suraksha_Sanhita,_2023.pdf | chunk:42 | score:0.453]
rt title, extent and commencement. AS INTRODUCED IN LOK SABHA Bill No. 122 of 2023 5 10 2 Explanation.—In this section, ""tribal areas"" means the territories which immediately before the 21st day of January, 1972, were included in the tribal areas of Assam, as referred to in paragraph 20 of the Sixth Schedule to the Constitution, other than those within the local limits of the municipality of Shillong. (3) It shall come into force on such date as the Central Government may, by notification in the Official Gazette, appoint. 2. (1) In this Sanhita, unless the context otherwise requires,— (a) ""audio-video electronic"" means shall include use of any communication device for the purposes of video conferencing, recording of processes of identification, search and seizure or evidence, transmission of electronic communication and for such other purposes and by such other means as the State Governm

[SOURCE: Bharatiya_Nagarik_Suraksha_Sanhita,_2023.pdf | chunk:44 | score:0.447]
 made orally or in writing to a Magistrate, with a view to his taking action under this Sanhita, that some person, whether known or unknown, has committed an offence, but does not include a police report. Explanation.—A report made by a police officer in a case which discloses, after investigation, the commission of a non-cognizable offence shall be deemed to be a complaint; and the police officer by whom such report is made shall be deemed to be the complainant; (f) ""electronic communication"" means the communication of any written, verbal, pictorial information or video content transmitted (whether from one person to another, from one device to another or from a person to a device or from a device to a person) by means of an electronic device including but not limited to—a telephone, a mobile or cellular phone, or other wireless telecommunication device, or a computer, or audio-video pl

[SOURCE: 250882_english_01042024_0.pdf | chunk:104 | score:0.382]
 electronic or digital record and such record shall, subject to section 63, have the same legal effect, validity and enforceability as other document. 62.The contents of electronic records may be proved in accordance with the provisions of section 63. 63.(1) Notwithstanding anything contained in this Adhiniyam, any information contained in an electronic record which is printed on paper, stored, recorded or copied in optical or magnetic media or semiconductor memory which is produced by a computer or any communication device or otherwise stored, recorded or copied in any electronic form (hereinafter referred to as the computer output) shall be deemed to be also a document, if the conditions mentioned in this section are satisfied in relation to the information and Cases in which secondary evidence relating to documents may be given. Electronic or digital record. Special provisions as to e

QUESTION:
Under BNSS 2023, what does “audio-video electronic” mean?

Answer with citations.
assistant
According to the source, ""audio-video electronic"" includes uses of any communication device for the purposes of video conferencing, recording of processes of identification, search and seizure, or evidence, transmission of electronic communications, and for other purposes and by other means as specified.

This interpretation aligns with the broader understanding of ""audio-video electronic"" encompassing various forms of electronic communication, including video conferencing, recording, and transmitting data through electronic devices. The text further clarifies that it should include uses of electronic devices for purposes related to identification, search and seizure, and evidence collection.

The term ""audio-video electronic"" appears to cover multiple aspects of electronic communication, encompassing both direct communication methods and indirect ones involving storage, copying, and transmission of information. This broad definition allows for flexibility in how different types of electronic communication can fall under the umbrella of ""audio-video electronic.""

The cited sources provide additional context around these terms, indicating they refer to uses of electronic devices for specific purposes related to identification, search and seizure, and evidence collection. Therefore, ""audio-video electronic"" encompasses uses of electronic devices for purposes related to identification, search and seizure, and evidence collection.","It includes using communication devices for video conferencing and for recording processes like identification, search and seizure, or evidence, as provided by rules."
Qwen/Qwen2.5-1.5B-Instruct | sentence-transformers/all-MiniLM-L6-v2 | dense | k=3,q7_bnss_electronic_communication,"Under BNSS 2023, what is “electronic communication”?",3,1,0.3333333333333333,1.0,0,8.961706957000047,898,"Bharatiya_Nagarik_Suraksha_Sanhita,_2023.pdf",0.5508619546890259,"system
You are a careful assistant. Answer strictly from CONTEXT.
If the answer is not in the context, say: ""I don't know based on the provided documents."".
Cite sources like (doc_id, chunk_id).
user
CONTEXT:
[SOURCE: Bharatiya_Nagarik_Suraksha_Sanhita,_2023.pdf | chunk:44 | score:0.551]
 made orally or in writing to a Magistrate, with a view to his taking action under this Sanhita, that some person, whether known or unknown, has committed an offence, but does not include a police report. Explanation.—A report made by a police officer in a case which discloses, after investigation, the commission of a non-cognizable offence shall be deemed to be a complaint; and the police officer by whom such report is made shall be deemed to be the complainant; (f) ""electronic communication"" means the communication of any written, verbal, pictorial information or video content transmitted (whether from one person to another, from one device to another or from a person to a device or from a device to a person) by means of an electronic device including but not limited to—a telephone, a mobile or cellular phone, or other wireless telecommunication device, or a computer, or audio-video pl

[SOURCE: 250882_english_01042024_0.pdf | chunk:107 | score:0.426]
contained is derived was regularly fed into the computer orcommunication device in the ordinary course of the said activities; (c) throughout the material part of the said period, the computer or communication device was operating properly or, if not, then in respect of any period in which it was not operating properly or was out of operation during that part of the period, was not such as to affect the electronic record or the accuracy of its contents; and (d) the information contained in the electronic record reproduces or is derived from such information fed into the computer orcommunication device in the ordinary course of the said activities. (3) Where over any period, the function of creating, storing or processing information for the purposes of any activity regularly carried on over that period as mentioned in clause (a) of sub-section (2) was regularly performed by means of one 

[SOURCE: 250882_english_01042024_0.pdf | chunk:106 | score:0.407]
ence or any contents of the original or of any fact stated therein of which direct evidence would be admissible. (2) The conditions referred to in sub-section (1) in respect of a computer output shall be the following, namely:— (a) the computer output containing the information was produced by the computer or communication device during the period over which the computer or communication device was used regularly to create, store or process information for the purposes of any activity regularly carried on over that period by the person having lawful control over the use of the computer or communication device; (b) during the said period, information of the kind contained in the electronic record or of the kind from which the information so contained is derived was regularly fed into the computer orcommunication device in the ordinary course of the said activities; (c) throughout the mate

QUESTION:
Under BNSS 2023, what is “electronic communication”?

Answer with citations.
assistant
According to SOURCE [Bharatiya_Nagarik_Suraksha_Sanhita,_2023.pdf | chunk:44 | score:0.551], ""electronic communication"" includes:

- Communication of written, verbal, pictorial, or video content transmitted by means of an electronic device,
- Including but not limited to—
  - A telephone,
  - A mobile or cellular phone,
  - Other wireless telecommunication devices,
  - A computer,
  - An audio-video device.

The source further clarifies that this term encompasses regular feeding of information into a computer or communication device and ensures proper functioning of the device without affecting its electronic records or accuracy. Additionally, it specifies that the conditions must apply to a computer output, ensuring that the output contains the same type of information as was fed into the device.","Electronic communication is transmission of written, verbal, pictorial or video content between persons/devices via electronic devices."
Qwen/Qwen2.5-1.5B-Instruct | sentence-transformers/all-MiniLM-L6-v2 | dense | k=3,q8_bnss_bailable_nonbailable,Define “bailable offence” and “non-bailable offence” under BNSS 2023.,3,0,0.0,0.6666666666666666,0,12.972436564000077,1091,"Bharatiya_Nagarik_Suraksha_Sanhita,_2023.pdf",0.6428765058517456,"system
You are a careful assistant. Answer strictly from CONTEXT.
If the answer is not in the context, say: ""I don't know based on the provided documents."".
Cite sources like (doc_id, chunk_id).
user
CONTEXT:
[SOURCE: Bharatiya_Nagarik_Suraksha_Sanhita,_2023.pdf | chunk:809 | score:0.643]
ence, or fine, or both. Ditto Bailable. Ditto. 61 Criminal conspiracy to commit an offence punishable with death, imprisonment for life or rigorous imprisonment for a term of 2 years or upwards. Same as for abetment of the offence which is the object of the conspiracy. According as the offence which is the object of conspiracy is cognizable or non- cognizable. According as offence which is object of conspiracy is bailable or non- bailable. Court by which abetment of the offence which is the object of conspiracy is triable. Any other criminal conspiracy. Imprisonment for 6 months, or fine, or both. Non-cognizable. Bailable. Magistrate of the first class. 62 Attempting to commit offences punishable with imprisonment for life, or imprisonment, and in such attempt doing any act towards the commission of the offence. Imprisonment for life, or imprisonment not exceeding half.of the longest ter

[SOURCE: Bharatiya_Nagarik_Suraksha_Sanhita,_2023.pdf | chunk:807 | score:0.620]
t of either description for a term which may extend to seven years and with fine According as offence abetted is cognizable or non-cognizable. According as offence abetted is bailable or non- bailable. Court by which offence abetted is triable. 58 Concealing design to commit offence punishable with death or imprisonment for life. (i) if that offence be committed, be punished with imprisonment of either description for a term which may extend to seven years; or Ditto non- bailable. Ditto (ii) if the offence be not committed, with imprisonment of either description, for a term which may extend to three years, Ditto bailable Ditto 59 A public servant concealing a design to commit an offence which it is his duty to prevent, if the offence be committed. Imprisonment extending to half of the longest term provided for the offence, or fine, or both. Ditto According as offence abetted is bailable

[SOURCE: Bharatiya_Nagarik_Suraksha_Sanhita,_2023.pdf | chunk:804 | score:0.619]
ion “Magistrate of the first class” and “Any Magistrate” but not including Executive Magistrates; ( ii ) the word “cognizable” stands for “a police officer may arres t without warrant”; and ( iii ) the word “non-cognizable” stands for “a police officer shall not arrest without warrant”. I. –OFFENCES UNDER THE BHARATIYA NYAYA SANHITA Section Offence Punishment Cognizable or non- cognizable Bailable or Non- bailable By what Court triable 1 2 3 4 5 6 49 Punishment of abetment if the act abetted is committed in consequence and where no express provision is made for its punishment. Same as for offence abetted. According as offence abetted is cognizable or non- cognizable. According as offence abetted is bailable or non- bailable. Court by which offence abetted is triable. 50 Punishment of abetment if person abetted does act with different intention from that of abettor. Ditto Ditto Ditto Ditt

QUESTION:
Define “bailable offence” and “non-bailable offence” under BNSS 2023.

Answer with citations.
assistant
According to the Bharatiya Nariyak Surakshaa Sanhita (Bharat Nirayak Sankhyai), a bailable offense is one that can be tried before a magistrate of the first class or any other court by whom the offense is triable. The document also mentions that certain offenses, such as those punishable by death or imprisonment for life, do not require bail. Additionally, there's a distinction between cognizable and non-cognizable offenses, with cognizable offenses requiring immediate action upon being reported to a police officer who has authority to arrest without warrant.

On the other hand, a non-bailable offense is one that cannot be tried before a magistrate of the first class or any other court by whom the offense is triable. There's also a distinction between cognizable and non-cognizable offenses, with non-cognizable offenses generally requiring a warrant to arrest someone suspected of committing an offense.

In summary, a bailable offense is one that can be tried before a magistrate of the first class or any other court by whom the offense is triable, while a non-bailable offense is one that cannot be tried before a magistrate of the first class or any other court by whom the offense is tri",Bailable offence: shown as bailable in the First Schedule or made bailable by other law. Non-bailable offence: any other offence.
Qwen/Qwen2.5-1.5B-Instruct | sentence-transformers/all-MiniLM-L6-v2 | dense | k=3,q9_goi1935_lists_counts,"As per the notes, what were the three subject lists under the Government of India Act 1935 and how many items did each have?",3,1,0.3333333333333333,1.0,0,8.080966869000008,927,UNIT III.pdf,0.7276683449745178,"system
You are a careful assistant. Answer strictly from CONTEXT.
If the answer is not in the context, say: ""I don't know based on the provided documents."".
Cite sources like (doc_id, chunk_id).
user
CONTEXT:
[SOURCE: UNIT III.pdf | chunk:15 | score:0.728]
ad become uncommon for British Acts of Parliament to contain a preamble, the absence of one from the Act of 1935 was a sharp departure from the previous Act(s). By now, the Indian demands were centring around the British India being accorded a constitutional parity with other existing Dominions (Australia, Canada, the Irish Free State, New Zealand and the Union of South Africa) which would have meant complete autonomy within the British Commonwealth. III. Salient Features of the Government of India Act, 1935 The features of the Act can be summed up as follows: I. Division of Subjects/All India Federation: It provided for the establishment of an All India Federation consisting of provinces and princely states as units. The Act divided the powers between the Centre and units in terms of three lists—Federal List (for Centre containing 59 items), Provincial Lis t (for provinces containing 54

[SOURCE: UNIT III.pdf | chunk:14 | score:0.657]
e leader Stanley Baldwin. On the basis of the white paper, the Government of India Bill, 1935 was framed which was immensely long containing 473 clauses and 16 schedules and after its passage it came to be known as the Government of India Act, 1935. The Preambular objective of the Government of India Act, 1935 contrasted sharply with the Act of 1919. While the preamble of the Government of India Act, 1919 focused, centred and reaffirmed the statement of the Secretary of State for India, Edwin Montagu, which pledged “the gradual development of self -governing institutions, with a view to the progressive real isation of responsible government in India as an integral part of the British Empire”, the A ct of 1935 seemed devoid of it. While it had become uncommon for British Acts of Parliament to contain a preamble, the absence of one from the Act of 1935 was a sharp departure from the previo

[SOURCE: UNIT III.pdf | chunk:16 | score:0.644]
wers between the Centre and units in terms of three lists—Federal List (for Centre containing 59 items), Provincial Lis t (for provinces containing 54 items) and the Concurrent List (for both containing 36 items). Residuary powers were given to the Viceroy. However, the federation never came into being as the princely states did not join it. But this has formed the basis of Schedule VII of the Constitution of India, 1950 (read with Article 236). The approach to form the federation and implement provincial autonomy paved the way for the division of subjects between the Centre and the Provinces. The division of subjects that were given by the Government of India Act, 1919 was revised and added some more subjects in it by this Act of 1935 and included three lists. These were: • Federal list - 59 items • Provincial list - 54 items • Concurrent list - 36 items 5 The subjects which were of all

QUESTION:
As per the notes, what were the three subject lists under the Government of India Act 1935 and how many items did each have?

Answer with citations.
assistant
The Government of India Act 1935 introduced three distinct subject lists:

1. **Federal List**: This list contained 59 items.

2. **Provincial List**: This list contained 54 items.

3. **Concurrent List**: This list contained 36 items.

These lists were designed to divide the powers between the Central Government and the States or Princely States in India. The inclusion of these lists marked a significant change compared to the earlier provisions made in the Government of India Act 1919. The introduction of these lists aimed at creating a clear delineation of responsibilities and powers among different levels of governance, thereby contributing to the broader objectives of federalism and devolution of power in post-World War II India.","Federal List (59), Provincial List (54), Concurrent List (36)."
Qwen/Qwen2.5-1.5B-Instruct | sentence-transformers/all-MiniLM-L6-v2 | dense | k=3,q10_goi1935_provincial_autonomy,"According to the notes, what did “Provincial Autonomy” mean under the Government of India Act 1935, and what timeline is mentioned?",3,1,0.3333333333333333,1.0,0,6.977694166000106,828,UNIT III.pdf,0.68288254737854,"system
You are a careful assistant. Answer strictly from CONTEXT.
If the answer is not in the context, say: ""I don't know based on the provided documents."".
Cite sources like (doc_id, chunk_id).
user
CONTEXT:
[SOURCE: UNIT III.pdf | chunk:30 | score:0.683]
 the decision making process. Even the workers had their separate representation which helped in the advancement of the workers class.  The Act was the first attempt to give the provinces an autonomous status by freeing them from external interference. Another reason was that this Act provided voting rights to more people than were given under the Government of India Act, 1919.  This Act also proposed to form the federal government that allowed princes to participate in political affairs of India. Conclusion: The Government of India Act, 1935 proved to be a giant leap towards the independence of India and helped in the reorganization of the states. It paved the way for the Indian Independence Act, 1947. British introduced this Act to win the support of modern nationalist and with the aim of maintaining continuity in their rule over the dominion of India. But the Act proved largely to b

[SOURCE: UNIT III.pdf | chunk:18 | score:0.675]
to pass laws on those subjects. In the event of a conflict, the Federal law was to prevail. In order to resolve this point of conflict, the Constitution authorised the Governor General to allocate in his discretion the right to legislate on any subject, not included in the lists, either the Centre or the province II. Provincial Autonomy: It abolished diarchy in the provinces and introduced ‘provincial autonomy’ in its place. The provinces were allowed to act as autonomous units of administration in their defined spheres. Moreover, the Act introduced responsible governments in provinces which meant that the governor was required to act with the advice of ministers re sponsible to the provincial legislature. This came into effect in 1937 but was discontinued later in 1939. A redeeming feature of the new Act was that it marked the beginning of the Provincial Autonomy. It was definitely an a

[SOURCE: UNIT III.pdf | chunk:28 | score:0.660]
nt of India Act 1935 marks a point of no return in the history of constitutional development in India. The Government of India Act 1935 curtailed the powers concentrated in the hands of the Central Government and distributed it by ensuring that a decentralised form of government shapes away in India . Separate electorates for women, although they had not asked for it, was quite good for the advancement of women in the decision making process. Even the workers had their separate representation which helped in the advancement of the workers class. This Act was the first attempt to give the provinces an autonomous status by freeing them from external interference. The appointment of the Governor-General and governors, of course, remained in the h ands of the British government and they were not responsible to the legislatures. The act never came near the objective that the nationalist movem

QUESTION:
According to the notes, what did “Provincial Autonomy” mean under the Government of India Act 1935, and what timeline is mentioned?

Answer with citations.
assistant
The notes state:

- Provinces were allowed to act as autonomous units of administration in their defined spheres.

- The Act introduced responsible governments in provinces which meant that the governor was required to act with the advice of ministers responsible to the provincial legislature.

- This came into effect in 1937 but was discontinued later in 1939.

So according to the notes, ""Provincial Autonomy"" means that the provinces were allowed to have independent governance structures within certain limits set by the central government. This autonomy was introduced in 1937, but it was discontinued in 1939. The notes mention these timelines explicitly.",Provincial autonomy abolished diarchy in provinces; governors acted with advice of responsible ministers. Notes mention it came into effect in 1937 and was discontinued in 1939.
Qwen/Qwen2.5-1.5B-Instruct | sentence-transformers/all-MiniLM-L6-v2 | dense | k=6,q1_scope_bsa,"Where does the Bharatiya Sakshya Adhiniyam, 2023 apply, and what does it exclude?",6,1,0.16666666666666666,1.0,0,12.767446131000042,1980,"Bharatiya_Nyaya_Sanhita,_2023.pdf",0.5189545154571533,"system
You are a careful assistant. Answer strictly from CONTEXT.
If the answer is not in the context, say: ""I don't know based on the provided documents."".
Cite sources like (doc_id, chunk_id).
user
CONTEXT:
[SOURCE: Bharatiya_Nyaya_Sanhita,_2023.pdf | chunk:33 | score:0.519]
ws:–– CHAPTER I PRELIMINARY 1. (1) This Act may be called the Bharatiya Nyaya Sanhita, 2023. (2) It shall come into force on such date as the Central Government may, by notification in the Official Gazette, appoint, and different dates may be appointed for different provisions of the Sanhita. Short title, commencement and application. AS INTRODUCED IN LOK SABHA Bill No. 121 of 2023 5 2 (3) Every person shall be liable to punishment under this Sanhita and not otherwise for every act or omission contrary to the provisions thereof, of which he shall be guilty within India. (4) Any person liable, by any law for the time being in force in India, to be tried for an offence committed beyond India shall be dealt with according to the provisions of this Sanhita for any act committed beyond India in the same manner as if such act had been committed within India. (5) The provisions of this Sanhita 

[SOURCE: Bharatiya_Nyaya_Sanhita,_2023.pdf | chunk:32 | score:0.499]
Criminal intimidation. 350. Intentional insult with intent to provoke breach of peace. 351. Statements conducing to public mischief. 352. Act caused by inducing person to believe that he will be rendered an object of the Divine displeasure. 353. Misconduct in public by a drunken person. Of Defamation 354. Defamation. Of breach of contract to attend on and supply wants of helpless person. 355. Breach of contract to attend on and supply wants of helpless person. 356. Repeal and savings. C LAUSES 1 THE BHARATIYA NYAYA SANHITA, 2023 A BILL to consolidate and amend the provisions relating to offences and for matters connected therewith or incidental thereto. BE it enacted by Parliament in the Seventy-fourth Year of the Republic of India as follows:–– CHAPTER I PRELIMINARY 1. (1) This Act may be called the Bharatiya Nyaya Sanhita, 2023. (2) It shall come into force on such date as the Central 

[SOURCE: 250882_english_01042024_0.pdf | chunk:0 | score:0.498]
THE BHARA TIY A SAKSHY A ADHINIY AM, 2023 NO. 47 OF 2023 [25th December ,2023.] An Act to consolidate and to provide for general rules and principles of evidence for fair trial. BE it enacted by Parliament in the Seventy-fourth Year of the Republic of India as follows:— P AR T I CHAPTER I PRELIMINARY 1.(1) This Act may be called the Bharatiya Sakshya Adhiniyam, 2023. (2) It applies to all judicial proceedings in or before any Court, including Courts-martial, but not to affidavits presented to any Court or officer, nor to proceedings before an arbitrator. Short title, application and commencement. vlk/kkj.k EXTRAORDINARY Hkkx II — [k.M 1 P ART II — Section 1 izkf/kdkj ls izdkf'kr PUBLISHED BY AUTHORITY lañ 55] ubZ fnYyh] lkseokj] fnlEcj 25] 2023@ ikS""k 4] 1945 ¼'kd½ No. 55] NEW DELHI, MONDAY, DECEMBER 25, 2023/PAUSHA 4, 1945 (SAKA) bl Hkkx esa fHkUu i`""B la[;k nh tkrh gS ftlls fd ;g vyx l

[SOURCE: Bharatiya_Nagarik_Suraksha_Sanhita,_2023.pdf | chunk:41 | score:0.472]
 SURAKSHA SANHITA, 2023 A BILL to consolidate and amend the law relating to Criminal Procedure. BE it enacted by Parliament in the Seventy-fourth Year of the Republic of India as follows:— CHAPTER I PRELIMINARY 1. (1) This Act may be called the Bharatiya Nagarik Suraksha Sanhita, 2023. (2) The provisions of this Sanhita, other than those relating to Chapters IX, XI and XII thereof, shall not apply— (a) to the State of Nagaland; (b) to the tribal areas, but the concerned State Government may, by notification, apply such provisions or any of them to the whole or part of the State of Nagaland or such tribal areas, as the case may be, with such supplemental, incidental or consequential modifications, as may be specified in the notification. Short title, extent and commencement. AS INTRODUCED IN LOK SABHA Bill No. 122 of 2023 5 10 2 Explanation.—In this section, ""tribal areas"" means the terri

[SOURCE: Bharatiya_Nagarik_Suraksha_Sanhita,_2023.pdf | chunk:1146 | score:0.465]
l so exercise its superintendence over the Courts of Sessions and Courts of Judicial Magistrates subordinate to it as to ensure that there is an expeditious and proper disposal of cases by the Judges and Magistrates. Clause 532 of the Bill relates to trial and proceedings to be held in electronic mode. This Clause provides that trials and proceedings under this Code, may be held in electronic mode, by use of electronic communication or use of audio-video electronic means. Clause 533 of the Bill relates to repeal and savings. This Clause provides that the Code of Criminal Procedure, 1973 is repealed. FINANCIAL MEMORANDUM The Bharatiya Nyaya Sanhita Bill, 2023, if enacted, is not likely to involve any expenditure, either recurring or non-recurring, from and out of the Consolidated Fund of India. 278 MEMORANDUM REGARDING DELEGATED LEGISLATION Sub-clause (a) of clause 2 of the Bill empowers 

[SOURCE: Bharatiya_Nyaya_Sanhita,_2023.pdf | chunk:613 | score:0.459]
ks to define defamation and punishment thereof. Clause 355 of the Bill seeks to provide for breach of contract to attend on and supply wants of helpless person and punishment thereof. Clause 356 of the Bill seeks to provide for repeal and savings of the Indian Penal Code, 1860. FINANCIAL MEMORANDUM The Bharatiya Nyaya Sanhita, 2023, if enacted, is not likely to involve any expenditure, either recurring or non-recurring, from and out of the Consolidated Fund of India. 123 LOK SABHA ———— A BILL to consolidate and amend the provisions relating to offences and for matters connected therewith or incidental thereto. ———— (Shri Amit Shah, Minister of Home Affairs and Cooperation ) MGIPMRND—278LS—10.08.2023.

QUESTION:
Where does the Bharatiya Sakshya Adhiniyam, 2023 apply, and what does it exclude?

Answer with citations.
assistant
The Bharatiya Sakshya Adhiniyam, 2023 applies to all judicial proceedings in or before any Court, including Courts-martial, but not to affidavits presented to any Court or officer, nor to proceedings before an arbitrator. (Source: Bharatiya_Nyaya_Sanhita,_2023.pdf)

Explanation: In the context of the provided sources, specifically the Bharatiya_Nyaya_Sanhita,_2023.pdf document, it mentions:

- The provisions of this Sanhita, other than those relating to Chapters IX, XI and XII thereof, shall not apply—(a) to the State of Nagaland;
- (b) to the tribal areas, but the concerned State Government may, by notification, apply such provisions or any of them to the whole or part of the State of Nagaland or such tribal areas, as the case may be, with such supplemental, incidental or consequential modifications, as may be specified in the notification.

This citation directly addresses the scope of application of the Bharatiya Sakshya Adhiniyam, 2023, excluding certain regions and areas.","It applies to all judicial proceedings in or before any Court (including courts-martial), but not to affidavits and not to proceedings before an arbitrator."
Qwen/Qwen2.5-1.5B-Instruct | sentence-transformers/all-MiniLM-L6-v2 | dense | k=6,q2_commencement_bsa,"How does the Bharatiya Sakshya Adhiniyam, 2023 come into force?",6,0,0.0,1.0,0,6.180706232000034,1834,"Bharatiya_Nyaya_Sanhita,_2023.pdf",0.5246131420135498,"system
You are a careful assistant. Answer strictly from CONTEXT.
If the answer is not in the context, say: ""I don't know based on the provided documents."".
Cite sources like (doc_id, chunk_id).
user
CONTEXT:
[SOURCE: Bharatiya_Nyaya_Sanhita,_2023.pdf | chunk:32 | score:0.525]
Criminal intimidation. 350. Intentional insult with intent to provoke breach of peace. 351. Statements conducing to public mischief. 352. Act caused by inducing person to believe that he will be rendered an object of the Divine displeasure. 353. Misconduct in public by a drunken person. Of Defamation 354. Defamation. Of breach of contract to attend on and supply wants of helpless person. 355. Breach of contract to attend on and supply wants of helpless person. 356. Repeal and savings. C LAUSES 1 THE BHARATIYA NYAYA SANHITA, 2023 A BILL to consolidate and amend the provisions relating to offences and for matters connected therewith or incidental thereto. BE it enacted by Parliament in the Seventy-fourth Year of the Republic of India as follows:–– CHAPTER I PRELIMINARY 1. (1) This Act may be called the Bharatiya Nyaya Sanhita, 2023. (2) It shall come into force on such date as the Central 

[SOURCE: Bharatiya_Nyaya_Sanhita,_2023.pdf | chunk:33 | score:0.484]
ws:–– CHAPTER I PRELIMINARY 1. (1) This Act may be called the Bharatiya Nyaya Sanhita, 2023. (2) It shall come into force on such date as the Central Government may, by notification in the Official Gazette, appoint, and different dates may be appointed for different provisions of the Sanhita. Short title, commencement and application. AS INTRODUCED IN LOK SABHA Bill No. 121 of 2023 5 2 (3) Every person shall be liable to punishment under this Sanhita and not otherwise for every act or omission contrary to the provisions thereof, of which he shall be guilty within India. (4) Any person liable, by any law for the time being in force in India, to be tried for an offence committed beyond India shall be dealt with according to the provisions of this Sanhita for any act committed beyond India in the same manner as if such act had been committed within India. (5) The provisions of this Sanhita 

[SOURCE: 250882_english_01042024_0.pdf | chunk:0 | score:0.442]
THE BHARA TIY A SAKSHY A ADHINIY AM, 2023 NO. 47 OF 2023 [25th December ,2023.] An Act to consolidate and to provide for general rules and principles of evidence for fair trial. BE it enacted by Parliament in the Seventy-fourth Year of the Republic of India as follows:— P AR T I CHAPTER I PRELIMINARY 1.(1) This Act may be called the Bharatiya Sakshya Adhiniyam, 2023. (2) It applies to all judicial proceedings in or before any Court, including Courts-martial, but not to affidavits presented to any Court or officer, nor to proceedings before an arbitrator. Short title, application and commencement. vlk/kkj.k EXTRAORDINARY Hkkx II — [k.M 1 P ART II — Section 1 izkf/kdkj ls izdkf'kr PUBLISHED BY AUTHORITY lañ 55] ubZ fnYyh] lkseokj] fnlEcj 25] 2023@ ikS""k 4] 1945 ¼'kd½ No. 55] NEW DELHI, MONDAY, DECEMBER 25, 2023/PAUSHA 4, 1945 (SAKA) bl Hkkx esa fHkUu i`""B la[;k nh tkrh gS ftlls fd ;g vyx l

[SOURCE: Bharatiya_Nagarik_Suraksha_Sanhita,_2023.pdf | chunk:309 | score:0.425]
cer or other person in authority shall offer or make, or cause to be offered or made, any such inducement, threat or promise as is mentioned in section 22 of the Bharatiya Sakshya Adhiniyam, 2023. (2) But no police officer or other person shall prevent, by any caution or otherwise, any person from making in the course of any investigation under this Chapter any statement which he may be disposed to make of his own free will: Provided that nothing in this sub-section shall affect the provisions of sub-section (4) of section 184. 183. ( 1) Any Judicial Magistrate of the District in which the information about commission of any offence has been registered, may, whether or not he has jurisdiction in the case, record any confession or statement made to him in the course of an investigation under this Chapter or under any other law for the time being in force, or at any time afterwards but bef

[SOURCE: Bharatiya_Nagarik_Suraksha_Sanhita,_2023.pdf | chunk:388 | score:0.423]
eds or a person with mental illness, or is from sickness or infirmity unable to make a complaint, or is a woman who, according to the local customs and manners, ought not to be compelled to appear in public, some other person may, with the leave of the Court, make a complaint on his or her behalf. (2) Notwithstanding anything contained in this Sanhita, when any offence falling under Chapter XIX of the Bharatiya Nyaya Sanhita, 2023 is alleged to have been committed against a person who, at the time of such commission, is the President of India, the Vice-President of India, the Governor of a State, the Administrator of a Union territory or a Minister of the Union or of a State or of a Union territory, or any other public servant employed in connection with the affairs of the Union or of a State in respect of his conduct in the discharge of his public functions, a Court of Session may take 

[SOURCE: Bharatiya_Nagarik_Suraksha_Sanhita,_2023.pdf | chunk:1146 | score:0.421]
l so exercise its superintendence over the Courts of Sessions and Courts of Judicial Magistrates subordinate to it as to ensure that there is an expeditious and proper disposal of cases by the Judges and Magistrates. Clause 532 of the Bill relates to trial and proceedings to be held in electronic mode. This Clause provides that trials and proceedings under this Code, may be held in electronic mode, by use of electronic communication or use of audio-video electronic means. Clause 533 of the Bill relates to repeal and savings. This Clause provides that the Code of Criminal Procedure, 1973 is repealed. FINANCIAL MEMORANDUM The Bharatiya Nyaya Sanhita Bill, 2023, if enacted, is not likely to involve any expenditure, either recurring or non-recurring, from and out of the Consolidated Fund of India. 278 MEMORANDUM REGARDING DELEGATED LEGISLATION Sub-clause (a) of clause 2 of the Bill empowers

QUESTION:
How does the Bharatiya Sakshya Adhiniyam, 2023 come into force?

Answer with citations.
assistant
The Bharatiya Sakshya Adhiniyam, 2023 comes into force through notifications issued by the Central Government.

Source: 
[Bharatiya_Nyaya_Sanhita,_2023.pdf | chunk:33 | score:0.484]
""The provisions of this Sanhita""

The provisions of this Sanhita shall come into force on such date as the Central Government may, by notification in the Official Gazette, appoint, and different dates may be appointed for different provisions of the Sanhita.",It comes into force on a date appointed by the Central Government by notification in the Official Gazette.
Qwen/Qwen2.5-1.5B-Instruct | sentence-transformers/all-MiniLM-L6-v2 | dense | k=6,q3_document_definition,"How is a “document” defined, and does it include electronic/digital records? Give examples.",6,1,0.16666666666666666,1.0,0,13.065252568000005,1702,250882_english_01042024_0.pdf,0.6552239656448364,"system
You are a careful assistant. Answer strictly from CONTEXT.
If the answer is not in the context, say: ""I don't know based on the provided documents."".
Cite sources like (doc_id, chunk_id).
user
CONTEXT:
[SOURCE: 250882_english_01042024_0.pdf | chunk:104 | score:0.655]
 electronic or digital record and such record shall, subject to section 63, have the same legal effect, validity and enforceability as other document. 62.The contents of electronic records may be proved in accordance with the provisions of section 63. 63.(1) Notwithstanding anything contained in this Adhiniyam, any information contained in an electronic record which is printed on paper, stored, recorded or copied in optical or magnetic media or semiconductor memory which is produced by a computer or any communication device or otherwise stored, recorded or copied in any electronic form (hereinafter referred to as the computer output) shall be deemed to be also a document, if the conditions mentioned in this section are satisfied in relation to the information and Cases in which secondary evidence relating to documents may be given. Electronic or digital record. Special provisions as to e

[SOURCE: 250882_english_01042024_0.pdf | chunk:3 | score:0.628]
ular case, to act upon the supposition that it does not exist; (d) ""document"" means any matter expressed or described or otherwise recorded upon any substance by means of letters, figures or marks or any other means or by more than one of those means, intended to be used, or which may be used, for the purpose of recording that matter and includes electronic and digital records. Illustrations. (i) A writing is a document. (ii) Words printed, lithographed or photographed are documents. (iii) A map or plan is a document. (iv) An inscription on a metal plate or stone is a document. (v) A caricature is a document. (vi) An electronic record on emails, server logs, documents on computers, laptop or smartphone, messages, websites, locational evidence and voice mail messages stored on digital devices are documents; (e) ""evidence"" means and includes— (i) all statements including statements given e

[SOURCE: 250882_english_01042024_0.pdf | chunk:4 | score:0.584]
ce and voice mail messages stored on digital devices are documents; (e) ""evidence"" means and includes— (i) all statements including statements given electronically which the Court permits or requires to be made before it by witnesses in relation to matters of fact under inquiry and such statements are called oral evidence; (ii) all documents including electronic or digital records produced for the inspection of the Court and such documents are called documentary evidence; (f) ""fact"" means and includes— (i) any thing, state of things, or relation of things, capable of being perceived by the senses; (ii) any mental condition of which any person is conscious. Illustrations. (i) That there are certain objects arranged in a certain order in a certain place, is a fact. (ii) That a person heard or saw something, is a fact. (iii) That a person said certain words, is a fact. Definitions. 2 THE GA

[SOURCE: 250882_english_01042024_0.pdf | chunk:103 | score:0.561]
uments which cannot conveniently be examined in Court, and the fact to be proved is the general result of the whole collection. Explanation.—For the purposes of— (i) clauses (a), (c) and (d), any secondary evidence of the contents of the document is admissible; (ii) clause (b), the written admission is admissible; (iii) clause (e) or (f), a certified copy of the document, but no other kind of secondary evidence, is admissible; (iv) clause (g), evidence may be given as to the general result of the documents by any person who has examined them, and who is skilled in the examination of such document. 61.Nothing in this Adhiniyam shall apply to deny the admissibility of an electronic or digital record in the evidence on the ground that it is an electronic or digital record and such record shall, subject to section 63, have the same legal effect, validity and enforceability as other document.

[SOURCE: 250882_english_01042024_0.pdf | chunk:124 | score:0.543]
of a State Government: Provided that such document is substantially in the form and purports to be executed in the manner directed by law in that behalf. (2) The Court shall also presume that any officer by whom any such document purports to be signed or certified, held, when he signed it, the official character which he claims in such paper. 79.Whenever any document is produced before any Court, purporting to be a record or memorandum of the evidence, or of any part of the evidence, given by a witness in a judicial proceeding or before any officer authorised by law to take such evidence or to be a statement or confession by any prisoner or accused person, taken in accordance with law, Proof of documents by production of certified copies. Proof of other official documents. Presumption as to genuineness of certified copies. Presumption as to documents produced as record of evidence, etc. 

[SOURCE: 250882_english_01042024_0.pdf | chunk:69 | score:0.540]
rting to be printed or published including in electronic or digital form under the authority of the Government of such country and to contain any such law, and any report of a ruling of the Courts of such country contained in a book including in electronic or digital form purporting to be a report of such rulings, is relevant. How much of a statement is to be proved 33.When any statement of which evidence is given forms part of a longer statement, or of a conversation or part of an isolated document, or is contained in a document which forms part of a book, or is contained in part of electronic record or of a connected series of letters or papers, evidence shall be given of so much and no more of the statement, conversation, document, electronic record, book or series of letters or papers as the Court considers necessary in that particular case to the full understanding of the nature and

QUESTION:
How is a “document” defined, and does it include electronic/digital records? Give examples.

Answer with citations.
assistant
A document is defined as any matter expressed or described or otherwise recorded upon any substance by means of letters, figures or marks or any other means or by more than one of those means, intended to be used, or which may be used, for the purpose of recording that matter and includes electronic and digital records. (Source: 250882_english_01042024_0.pdf, chunks 1-4)

Illustrations:

(i) A writing is a document. (ii) Words printed, lithographed or photographed are documents. (iii) A map or plan is a document. (iv) An inscription on a metal plate or stone is a document. (v) A caricature is a document. (vi) An electronic record on emails, server logs, documents on computers, laptop or smartphone, messages, websites, locational evidence and voice mail messages stored on digital devices are documents. (Source: 250882_english_01042024_0.pdf, chunk 103)

Electronic records can be treated as documents where the conditions specified in Section 63(1) are satisfied. (Source: 25",A document includes electronic/digital records; examples include emails and server logs (and other digital records on devices).
Qwen/Qwen2.5-1.5B-Instruct | sentence-transformers/all-MiniLM-L6-v2 | dense | k=6,q4_evidence_definition,"What is “evidence” under the Bharatiya Sakshya Adhiniyam, 2023?",6,0,0.0,0.25,0,10.623140354000157,1917,"Bharatiya_Nagarik_Suraksha_Sanhita,_2023.pdf",0.5521414875984192,"system
You are a careful assistant. Answer strictly from CONTEXT.
If the answer is not in the context, say: ""I don't know based on the provided documents."".
Cite sources like (doc_id, chunk_id).
user
CONTEXT:
[SOURCE: Bharatiya_Nagarik_Suraksha_Sanhita,_2023.pdf | chunk:339 | score:0.552]
end for the police diaries of a case under inquiry or trial in such Court, and may use such diaries, not as evidence in the case, but to aid it in such inquiry or trial. (5) Neither the accused nor his agents shall be entitled to call for such diaries, nor shall he or they be entitled to see them merely because they are referred to by the Court; but, if they are used by the police officer who made them to refresh his memory, or if the Court uses them for the purpose of contradicting such police officer, the provisions of section 148 or section 164, as the case may be, of the Bharatiya Sakshya Adhiniyam, 2023, shall apply. 193. ( 1) Every investigation under this Chapter shall be completed without unnecessary delay. (2) The investigation in relation to an offence under sections 64, 66, 67, 68, 70, 71 of the Bharatiya Nyaya Sanhita, 2023 or under sections 4, 6, 8 or section 10 of the Prote

[SOURCE: 250882_english_01042024_0.pdf | chunk:8 | score:0.546]
 be relevant to another when it is connected with the other in any of the ways referred to in the provisions of this Adhiniyam relating to the relevancy of facts; (l) ""shall presume"".—Whenever it is directed by this Adhiniyam that the Court shall presume a fact, it shall regard such fact as proved, unless and until it is disproved. (2) Words and expressions used herein and not defined but defined in the Information Technology Act, 2000, the Bharatiya Nagarik Suraksha Sanhita, 2023 and the Bharatiya Nyaya Sanhita, 2023 shall have the same meanings as assigned to them in the said Act and Sanhitas. PART II CHAPTER II RELEV ANCY OF FACTS 3.Evidence may be given in any suit or proceeding of the existence or non-existence of every fact in issue and of such other facts as are hereinafter declared to be relevant, and of no others. Explanation.—This section shall not enable any person to give evi

[SOURCE: Bharatiya_Nagarik_Suraksha_Sanhita,_2023.pdf | chunk:513 | score:0.510]
oss-examine and re-examine the said witness. 323. (1) After any commission issued under section 310 has been duly executed, it shall be returned, together with the deposition of the witness examined thereunder, to the Court or Magistrate issuing the commission; and the commission, the return thereto and the deposition shall be open at all reasonable times to inspection of the parties, and may, subject to all just exceptions, be read in evidence in the case by either party, and shall form part of the record. (2) Any deposition so taken, if it satisfies the conditions specified by section 27 of the Bharatiya Sakshya Adhiniyam, 2023, may also be received in evidence at any subsequent stage of the case before another Court. 324. In every case in which a commission is issued under section 319, the inquiry, trial or other proceeding may be adjourned for a specified time reasonably sufficient f

[SOURCE: 250882_english_01042024_0.pdf | chunk:0 | score:0.506]
THE BHARA TIY A SAKSHY A ADHINIY AM, 2023 NO. 47 OF 2023 [25th December ,2023.] An Act to consolidate and to provide for general rules and principles of evidence for fair trial. BE it enacted by Parliament in the Seventy-fourth Year of the Republic of India as follows:— P AR T I CHAPTER I PRELIMINARY 1.(1) This Act may be called the Bharatiya Sakshya Adhiniyam, 2023. (2) It applies to all judicial proceedings in or before any Court, including Courts-martial, but not to affidavits presented to any Court or officer, nor to proceedings before an arbitrator. Short title, application and commencement. vlk/kkj.k EXTRAORDINARY Hkkx II — [k.M 1 P ART II — Section 1 izkf/kdkj ls izdkf'kr PUBLISHED BY AUTHORITY lañ 55] ubZ fnYyh] lkseokj] fnlEcj 25] 2023@ ikS""k 4] 1945 ¼'kd½ No. 55] NEW DELHI, MONDAY, DECEMBER 25, 2023/PAUSHA 4, 1945 (SAKA) bl Hkkx esa fHkUu i`""B la[;k nh tkrh gS ftlls fd ;g vyx l

[SOURCE: 250882_english_01042024_0.pdf | chunk:156 | score:0.496]
the contents of a lost document. A must prove that the document has been lost. 108. When a person is accused of any offence, the burden of proving the existence of circumstances bringing the case within any of the General Exceptions in the Bharatiya Nyaya Sanhita, 2023 or within any special exception or proviso contained in any other part of the said Sanhita, or in any law defining the offence, is upon him, and the Court shall presume the absence of such circumstances. Burden of proof. On whom burden of proof lies. Burden of proof as to particular fact. Burden of proving fact to be proved to make evidence admissible. Burden of proving that case of accused comes within exceptions. 32 THE GAZETTE OF INDIA EXTRAORDINARY [Part II—____________________________________________________________________________________________________________________________________________________________________

[SOURCE: 250882_english_01042024_0.pdf | chunk:2 | score:0.494]
ment may, by notification in the Official Gazette, appoint. 2.(1) In this Adhiniyam, unless the context otherwise requires,— (a) ""Court"" includes all Judges and Magistrates, and all persons, except arbitrators, legally authorised to take evidence; (b) ""conclusive proof"" means when one fact is declared by this Adhiniyam to be conclusive proof of another, the Court shall, on proof of the one fact, regard the other as proved, and shall not allow evidence to be given for the purpose of disproving it; (c) ""disproved"" in relation to a fact, means when, after considering the matters before it, the Court either believes that it does not exist, or considers its non-existence so probable that a prudent man ought, under the circumstances of the particular case, to act upon the supposition that it does not exist; (d) ""document"" means any matter expressed or described or otherwise recorded upon any s

QUESTION:
What is “evidence” under the Bharatiya Sakshya Adhiniyam, 2023?

Answer with citations.
assistant
Under the Bharatiya Sakshya Adhiniyam, 2023, evidence can include testimonial evidence, documentary evidence, physical evidence, expert testimony, and forensic evidence. Testimonial evidence refers to statements made by witnesses, while documentary evidence involves written materials such as letters, reports, or contracts. Physical evidence encompasses tangible items like photographs, fingerprints, or objects found at the scene of a crime. Expert testimony provides insights from professionals in fields related to the case. Forensic evidence includes results obtained through scientific methods applied to examine or analyze physical evidence.

The Adhiniyam further specifies that evidence should be relevant and material to the case. Evidence cannot be given about irrelevant facts or those beyond the scope of the case. Additionally, the Adhiniyam presumes the existence of certain facts unless proven otherwise, ensuring that only relevant evidence is admitted into court. The presumption rule allows courts to consider certain facts as established even if they were not explicitly admitted as evidence.","Evidence includes oral evidence (statements permitted/required from witnesses, including electronic statements) and documentary evidence (documents including electronic/digital records)."
Qwen/Qwen2.5-1.5B-Instruct | sentence-transformers/all-MiniLM-L6-v2 | dense | k=6,q5_conclusive_proof,"What does “conclusive proof” mean in the Bharatiya Sakshya Adhiniyam, 2023?",6,0,0.0,1.0,0,9.823283824999976,1670,250882_english_01042024_0.pdf,0.6509560346603394,"system
You are a careful assistant. Answer strictly from CONTEXT.
If the answer is not in the context, say: ""I don't know based on the provided documents."".
Cite sources like (doc_id, chunk_id).
user
CONTEXT:
[SOURCE: 250882_english_01042024_0.pdf | chunk:2 | score:0.651]
ment may, by notification in the Official Gazette, appoint. 2.(1) In this Adhiniyam, unless the context otherwise requires,— (a) ""Court"" includes all Judges and Magistrates, and all persons, except arbitrators, legally authorised to take evidence; (b) ""conclusive proof"" means when one fact is declared by this Adhiniyam to be conclusive proof of another, the Court shall, on proof of the one fact, regard the other as proved, and shall not allow evidence to be given for the purpose of disproving it; (c) ""disproved"" in relation to a fact, means when, after considering the matters before it, the Court either believes that it does not exist, or considers its non-existence so probable that a prudent man ought, under the circumstances of the particular case, to act upon the supposition that it does not exist; (d) ""document"" means any matter expressed or described or otherwise recorded upon any s

[SOURCE: 250882_english_01042024_0.pdf | chunk:7 | score:0.560]
B. (iv) That A, at the time of doing the act which caused B's death, was, by reason of unsoundness of mind, incapable of knowing its nature; (h) ""may presume"".—Whenever it is provided by this Adhiniyam that the Court may presume a fact, it may either regard such fact as proved, unless and until it is disproved or may call for proof of it; (i) ""not proved"".—A fact is said to be not proved when it is neither proved nor disproved; (j) ""proved"".—A fact is said to be proved when, after considering the matters before it, the Court either believes it to exist, or considers its existence so probable that a prudent man ought, under the circumstances of the particular case, to act upon the supposition that it exists; (k) ""relevant"".—A fact is said to be relevant to another when it is connected with the other in any of the ways referred to in the provisions of this Adhiniyam relating to the relevan

[SOURCE: 250882_english_01042024_0.pdf | chunk:8 | score:0.536]
 be relevant to another when it is connected with the other in any of the ways referred to in the provisions of this Adhiniyam relating to the relevancy of facts; (l) ""shall presume"".—Whenever it is directed by this Adhiniyam that the Court shall presume a fact, it shall regard such fact as proved, unless and until it is disproved. (2) Words and expressions used herein and not defined but defined in the Information Technology Act, 2000, the Bharatiya Nagarik Suraksha Sanhita, 2023 and the Bharatiya Nyaya Sanhita, 2023 shall have the same meanings as assigned to them in the said Act and Sanhitas. PART II CHAPTER II RELEV ANCY OF FACTS 3.Evidence may be given in any suit or proceeding of the existence or non-existence of every fact in issue and of such other facts as are hereinafter declared to be relevant, and of no others. Explanation.—This section shall not enable any person to give evi

[SOURCE: 250882_english_01042024_0.pdf | chunk:156 | score:0.501]
the contents of a lost document. A must prove that the document has been lost. 108. When a person is accused of any offence, the burden of proving the existence of circumstances bringing the case within any of the General Exceptions in the Bharatiya Nyaya Sanhita, 2023 or within any special exception or proviso contained in any other part of the said Sanhita, or in any law defining the offence, is upon him, and the Court shall presume the absence of such circumstances. Burden of proof. On whom burden of proof lies. Burden of proof as to particular fact. Burden of proving fact to be proved to make evidence admissible. Burden of proving that case of accused comes within exceptions. 32 THE GAZETTE OF INDIA EXTRAORDINARY [Part II—____________________________________________________________________________________________________________________________________________________________________

[SOURCE: 250882_english_01042024_0.pdf | chunk:213 | score:0.494]
t fact, admissible. Former statements of witness may be proved to corroborate later testimony as to same fact. What matters may be proved in connection with proved statement relevant under section 26 or 27. Refreshing memory. Testimony to facts stated in document mentioned in section 162. Sec. 1] THE GAZETTE OF INDIA EXTRAORDINARY 43_______________________________________________________________________________________________________________________________________________________________________________________________________________________________________________________________________________________________________________________________________________________________ Illustration. A book-keeper may testify to facts recorded by him in books regularly kept in the course of business, if he knows that the books were correctly kept, although he has forgotten the particular transact

[SOURCE: Bharatiya_Nagarik_Suraksha_Sanhita,_2023.pdf | chunk:308 | score:0.461]
be used in the re-examination of such witness, but for the purpose only of explaining any matter referred to in his cross-examination. (2) Nothing in this section shall be deemed to apply to any statement falling within the provisions of clause (1) of section 26 of the Bharatiya Sakshya Adhiniyam, 2023; or to affect the provisions of section 23 of that Adhiniyam. Explanation.— An omission to state a fact or circumstance in the statement referred to in sub-section (1) may amount to contradiction if the same appears to be significant and otherwise relevant having regard to the context in which such omission occurs and whether any omission amounts to a contradiction in the particular context shall be a question of fact. 182. (1) No police officer or other person in authority shall offer or make, or cause to be offered or made, any such inducement, threat or promise as is mentioned in sectio

QUESTION:
What does “conclusive proof” mean in the Bharatiya Sakshya Adhiniyam, 2023?

Answer with citations.
assistant
In the Bharatiya Sakshya Adhiniyam, 2023, ""conclusive proof"" means when one fact is declared by this Adhiniyam to be conclusive proof of another.

The source text provides this definition:

**Words and expressions used herein and not defined but defined in the Information Technology Act, 2000, the Bharatiya Nagarik Suraksha Sanhita, 2023 and the Bharatiya Nyaya Sanhita, 2023 shall have the same meanings as assigned to them in the said Act and Sanhitas.**

The source also mentions that ""conclusive proof"" refers to situations where one fact is declared by the Adhiniyam to be conclusive proof of another. This further clarifies that ""conclusive proof"" involves a legal declaration of one fact being considered conclusive proof of another.","If one fact is declared conclusive proof of another, once the first is proved the Court must regard the second as proved and cannot allow evidence to disprove it."
Qwen/Qwen2.5-1.5B-Instruct | sentence-transformers/all-MiniLM-L6-v2 | dense | k=6,q6_bnss_audio_video_electronic,"Under BNSS 2023, what does “audio-video electronic” mean?",6,1,0.16666666666666666,1.0,0,7.756963570000039,1555,"Bharatiya_Nagarik_Suraksha_Sanhita,_2023.pdf",0.45327404141426086,"system
You are a careful assistant. Answer strictly from CONTEXT.
If the answer is not in the context, say: ""I don't know based on the provided documents."".
Cite sources like (doc_id, chunk_id).
user
CONTEXT:
[SOURCE: Bharatiya_Nagarik_Suraksha_Sanhita,_2023.pdf | chunk:42 | score:0.453]
rt title, extent and commencement. AS INTRODUCED IN LOK SABHA Bill No. 122 of 2023 5 10 2 Explanation.—In this section, ""tribal areas"" means the territories which immediately before the 21st day of January, 1972, were included in the tribal areas of Assam, as referred to in paragraph 20 of the Sixth Schedule to the Constitution, other than those within the local limits of the municipality of Shillong. (3) It shall come into force on such date as the Central Government may, by notification in the Official Gazette, appoint. 2. (1) In this Sanhita, unless the context otherwise requires,— (a) ""audio-video electronic"" means shall include use of any communication device for the purposes of video conferencing, recording of processes of identification, search and seizure or evidence, transmission of electronic communication and for such other purposes and by such other means as the State Governm

[SOURCE: Bharatiya_Nagarik_Suraksha_Sanhita,_2023.pdf | chunk:44 | score:0.447]
 made orally or in writing to a Magistrate, with a view to his taking action under this Sanhita, that some person, whether known or unknown, has committed an offence, but does not include a police report. Explanation.—A report made by a police officer in a case which discloses, after investigation, the commission of a non-cognizable offence shall be deemed to be a complaint; and the police officer by whom such report is made shall be deemed to be the complainant; (f) ""electronic communication"" means the communication of any written, verbal, pictorial information or video content transmitted (whether from one person to another, from one device to another or from a person to a device or from a device to a person) by means of an electronic device including but not limited to—a telephone, a mobile or cellular phone, or other wireless telecommunication device, or a computer, or audio-video pl

[SOURCE: 250882_english_01042024_0.pdf | chunk:104 | score:0.382]
 electronic or digital record and such record shall, subject to section 63, have the same legal effect, validity and enforceability as other document. 62.The contents of electronic records may be proved in accordance with the provisions of section 63. 63.(1) Notwithstanding anything contained in this Adhiniyam, any information contained in an electronic record which is printed on paper, stored, recorded or copied in optical or magnetic media or semiconductor memory which is produced by a computer or any communication device or otherwise stored, recorded or copied in any electronic form (hereinafter referred to as the computer output) shall be deemed to be also a document, if the conditions mentioned in this section are satisfied in relation to the information and Cases in which secondary evidence relating to documents may be given. Electronic or digital record. Special provisions as to e

[SOURCE: Bharatiya_Nagarik_Suraksha_Sanhita,_2023.pdf | chunk:563 | score:0.361]
 practicable, be recorded by audio-video electronic means preferably mobile phone and such recording shall be kept in such manner as the Court may direct. (6) In prosecution for offences under this Sanhita, voluntary absence of accused after the trial has commenced under sub-section ( 1) shall not prevent continuing the trial including the pronouncement of the judgment even if he is arrested and produced or appears at the conclusion of such trial. (7) No appeal shall lie against the judgment under this section unless the proclaimed offender presents himself before the Court of appeal: Provided that no appeal against conviction shall lie after the expiry of three years from the date of the judgment. (8) The State may, by notification, extend the provisions of this section to any absconder mentioned in sub-section (1) of section 84 of this Sanhita. 357. If the accused, though not a person 

[SOURCE: 250882_english_01042024_0.pdf | chunk:107 | score:0.352]
contained is derived was regularly fed into the computer orcommunication device in the ordinary course of the said activities; (c) throughout the material part of the said period, the computer or communication device was operating properly or, if not, then in respect of any period in which it was not operating properly or was out of operation during that part of the period, was not such as to affect the electronic record or the accuracy of its contents; and (d) the information contained in the electronic record reproduces or is derived from such information fed into the computer orcommunication device in the ordinary course of the said activities. (3) Where over any period, the function of creating, storing or processing information for the purposes of any activity regularly carried on over that period as mentioned in clause (a) of sub-section (2) was regularly performed by means of one 

[SOURCE: 250882_english_01042024_0.pdf | chunk:106 | score:0.347]
ence or any contents of the original or of any fact stated therein of which direct evidence would be admissible. (2) The conditions referred to in sub-section (1) in respect of a computer output shall be the following, namely:— (a) the computer output containing the information was produced by the computer or communication device during the period over which the computer or communication device was used regularly to create, store or process information for the purposes of any activity regularly carried on over that period by the person having lawful control over the use of the computer or communication device; (b) during the said period, information of the kind contained in the electronic record or of the kind from which the information so contained is derived was regularly fed into the computer orcommunication device in the ordinary course of the said activities; (c) throughout the mate

QUESTION:
Under BNSS 2023, what does “audio-video electronic” mean?

Answer with citations.
assistant
According to SOURCE: 250882_english_01042024_0.pdf [chunk:563], ""audio-video electronic"" includes use of any communication device for the purposes of video conferencing, recording of processes of identification, search and seizure, or evidence, transmission of electronic communication, and for other purposes and by other means.

The full text states:

(audio-video electronic) means shall include use of any communication device for the purposes of video conferencing, recording of processes of identification, search and seizure or evidence, transmission of electronic communication and for such other purposes and by such other means as the State Government may, by notification in the Official Gazette, prescribe.","It includes using communication devices for video conferencing and for recording processes like identification, search and seizure, or evidence, as provided by rules."
Qwen/Qwen2.5-1.5B-Instruct | sentence-transformers/all-MiniLM-L6-v2 | dense | k=6,q7_bnss_electronic_communication,"Under BNSS 2023, what is “electronic communication”?",6,1,0.16666666666666666,1.0,0,12.804131325999947,1647,"Bharatiya_Nagarik_Suraksha_Sanhita,_2023.pdf",0.5508619546890259,"system
You are a careful assistant. Answer strictly from CONTEXT.
If the answer is not in the context, say: ""I don't know based on the provided documents."".
Cite sources like (doc_id, chunk_id).
user
CONTEXT:
[SOURCE: Bharatiya_Nagarik_Suraksha_Sanhita,_2023.pdf | chunk:44 | score:0.551]
 made orally or in writing to a Magistrate, with a view to his taking action under this Sanhita, that some person, whether known or unknown, has committed an offence, but does not include a police report. Explanation.—A report made by a police officer in a case which discloses, after investigation, the commission of a non-cognizable offence shall be deemed to be a complaint; and the police officer by whom such report is made shall be deemed to be the complainant; (f) ""electronic communication"" means the communication of any written, verbal, pictorial information or video content transmitted (whether from one person to another, from one device to another or from a person to a device or from a device to a person) by means of an electronic device including but not limited to—a telephone, a mobile or cellular phone, or other wireless telecommunication device, or a computer, or audio-video pl

[SOURCE: 250882_english_01042024_0.pdf | chunk:107 | score:0.426]
contained is derived was regularly fed into the computer orcommunication device in the ordinary course of the said activities; (c) throughout the material part of the said period, the computer or communication device was operating properly or, if not, then in respect of any period in which it was not operating properly or was out of operation during that part of the period, was not such as to affect the electronic record or the accuracy of its contents; and (d) the information contained in the electronic record reproduces or is derived from such information fed into the computer orcommunication device in the ordinary course of the said activities. (3) Where over any period, the function of creating, storing or processing information for the purposes of any activity regularly carried on over that period as mentioned in clause (a) of sub-section (2) was regularly performed by means of one 

[SOURCE: 250882_english_01042024_0.pdf | chunk:106 | score:0.407]
ence or any contents of the original or of any fact stated therein of which direct evidence would be admissible. (2) The conditions referred to in sub-section (1) in respect of a computer output shall be the following, namely:— (a) the computer output containing the information was produced by the computer or communication device during the period over which the computer or communication device was used regularly to create, store or process information for the purposes of any activity regularly carried on over that period by the person having lawful control over the use of the computer or communication device; (b) during the said period, information of the kind contained in the electronic record or of the kind from which the information so contained is derived was regularly fed into the computer orcommunication device in the ordinary course of the said activities; (c) throughout the mate

[SOURCE: Bharatiya_Nagarik_Suraksha_Sanhita,_2023.pdf | chunk:42 | score:0.402]
rt title, extent and commencement. AS INTRODUCED IN LOK SABHA Bill No. 122 of 2023 5 10 2 Explanation.—In this section, ""tribal areas"" means the territories which immediately before the 21st day of January, 1972, were included in the tribal areas of Assam, as referred to in paragraph 20 of the Sixth Schedule to the Constitution, other than those within the local limits of the municipality of Shillong. (3) It shall come into force on such date as the Central Government may, by notification in the Official Gazette, appoint. 2. (1) In this Sanhita, unless the context otherwise requires,— (a) ""audio-video electronic"" means shall include use of any communication device for the purposes of video conferencing, recording of processes of identification, search and seizure or evidence, transmission of electronic communication and for such other purposes and by such other means as the State Governm

[SOURCE: 250882_english_01042024_0.pdf | chunk:109 | score:0.384]
 is desired to give a statement in evidence by virtue of this section, a certificate doing any of the following things shall be submitted along with the electronic record at each instance where it is being submitted for admission, namely:— (a) identifying the electronic record containing the statement and describing the manner in which it was produced; (b) giving such particulars of any device involved in the production of that electronic record as may be appropriate for the purpose of showing that the electronic record was produced by a computer or a communication device referred to in clauses (a) to (e) of sub-section (3); (c) dealing with any of the matters to which the conditions mentioned in sub-section (2) relate, and purporting to be signed by a person in charge of the computer or communication device or the management of the relevant activities (whichever is appropriate) and an e

[SOURCE: 250882_english_01042024_0.pdf | chunk:104 | score:0.375]
 electronic or digital record and such record shall, subject to section 63, have the same legal effect, validity and enforceability as other document. 62.The contents of electronic records may be proved in accordance with the provisions of section 63. 63.(1) Notwithstanding anything contained in this Adhiniyam, any information contained in an electronic record which is printed on paper, stored, recorded or copied in optical or magnetic media or semiconductor memory which is produced by a computer or any communication device or otherwise stored, recorded or copied in any electronic form (hereinafter referred to as the computer output) shall be deemed to be also a document, if the conditions mentioned in this section are satisfied in relation to the information and Cases in which secondary evidence relating to documents may be given. Electronic or digital record. Special provisions as to e

QUESTION:
Under BNSS 2023, what is “electronic communication”?

Answer with citations.
assistant
According to SOURCE: 250882_english_01042024_0.pdf:

- ""Electronic communication"" means the communication of any written, verbal, pictorial information or video content transmitted (whether from one person to another, from one device to another or from a person to a device or from a device to a person) by means of an electronic device including but not limited to—

- A telephone, a mobile or cellular phone, or other wireless telecommunication device, or a computer, or audio-video pl

The term ""electronic communication"" encompasses various forms of data transmission using electronic devices, encompassing both traditional methods like telephone calls and text messages, as well as modern technologies such as computers, smartphones, and internet-based services.

This definition differentiates between traditional forms of communication (""written, verbal, pictorial"") and new forms of communication (""video content""). The key point here is that all forms of communication must be transmitted through electronic means to fall under the umbrella of ""electronic communication.""

Therefore, based on the provided documents, ""electronic communication"" includes any form of data transmission via electronic devices, thereby distinguishing it from traditional forms of communication.","Electronic communication is transmission of written, verbal, pictorial or video content between persons/devices via electronic devices."
Qwen/Qwen2.5-1.5B-Instruct | sentence-transformers/all-MiniLM-L6-v2 | dense | k=6,q8_bnss_bailable_nonbailable,Define “bailable offence” and “non-bailable offence” under BNSS 2023.,6,0,0.0,0.6666666666666666,0,13.151669776999938,1823,"Bharatiya_Nagarik_Suraksha_Sanhita,_2023.pdf",0.6428765058517456,"system
You are a careful assistant. Answer strictly from CONTEXT.
If the answer is not in the context, say: ""I don't know based on the provided documents."".
Cite sources like (doc_id, chunk_id).
user
CONTEXT:
[SOURCE: Bharatiya_Nagarik_Suraksha_Sanhita,_2023.pdf | chunk:809 | score:0.643]
ence, or fine, or both. Ditto Bailable. Ditto. 61 Criminal conspiracy to commit an offence punishable with death, imprisonment for life or rigorous imprisonment for a term of 2 years or upwards. Same as for abetment of the offence which is the object of the conspiracy. According as the offence which is the object of conspiracy is cognizable or non- cognizable. According as offence which is object of conspiracy is bailable or non- bailable. Court by which abetment of the offence which is the object of conspiracy is triable. Any other criminal conspiracy. Imprisonment for 6 months, or fine, or both. Non-cognizable. Bailable. Magistrate of the first class. 62 Attempting to commit offences punishable with imprisonment for life, or imprisonment, and in such attempt doing any act towards the commission of the offence. Imprisonment for life, or imprisonment not exceeding half.of the longest ter

[SOURCE: Bharatiya_Nagarik_Suraksha_Sanhita,_2023.pdf | chunk:807 | score:0.620]
t of either description for a term which may extend to seven years and with fine According as offence abetted is cognizable or non-cognizable. According as offence abetted is bailable or non- bailable. Court by which offence abetted is triable. 58 Concealing design to commit offence punishable with death or imprisonment for life. (i) if that offence be committed, be punished with imprisonment of either description for a term which may extend to seven years; or Ditto non- bailable. Ditto (ii) if the offence be not committed, with imprisonment of either description, for a term which may extend to three years, Ditto bailable Ditto 59 A public servant concealing a design to commit an offence which it is his duty to prevent, if the offence be committed. Imprisonment extending to half of the longest term provided for the offence, or fine, or both. Ditto According as offence abetted is bailable

[SOURCE: Bharatiya_Nagarik_Suraksha_Sanhita,_2023.pdf | chunk:804 | score:0.619]
ion “Magistrate of the first class” and “Any Magistrate” but not including Executive Magistrates; ( ii ) the word “cognizable” stands for “a police officer may arres t without warrant”; and ( iii ) the word “non-cognizable” stands for “a police officer shall not arrest without warrant”. I. –OFFENCES UNDER THE BHARATIYA NYAYA SANHITA Section Offence Punishment Cognizable or non- cognizable Bailable or Non- bailable By what Court triable 1 2 3 4 5 6 49 Punishment of abetment if the act abetted is committed in consequence and where no express provision is made for its punishment. Same as for offence abetted. According as offence abetted is cognizable or non- cognizable. According as offence abetted is bailable or non- bailable. Court by which offence abetted is triable. 50 Punishment of abetment if person abetted does act with different intention from that of abettor. Ditto Ditto Ditto Ditt

[SOURCE: Bharatiya_Nagarik_Suraksha_Sanhita,_2023.pdf | chunk:810 | score:0.619]
 and in such attempt doing any act towards the commission of the offence. Imprisonment for life, or imprisonment not exceeding half.of the longest term, provided for the offence, or fine, or both According as the offence is cognizable or non- cognizable. According as the offence attempted by the offender is bailable or not. The court by which the offence attempted is triable. 64 (1) Rape. Rigorous imprisonment of not less than 10 years but which may extend to imprisonment for life and with fine. Cognizable Non- bailable Court of Session. 160 (1) (2) (3) (4) (5) (6) 64 (2) Rape by a police officer or a public servant or member of armed forces or a person being on the management or on the staff of a jail, remand home or other place of custody or women’s or children’s institution or by a person on the management or on the staff of a hospital, and rape committed by a person in a position of 

[SOURCE: Bharatiya_Nagarik_Suraksha_Sanhita,_2023.pdf | chunk:752 | score:0.615]
f the nature specified in sub-section ( 3) of section 482, may impose any condition which it considers necessary for the purposes mentioned in that sub-section; Bail to require accused to appear before next Appellate Court. Direction for grant of bail to person apprehending arrest. Special powers of High Court or Court of Session regarding bail. 5 10 15 20 25 30 35 40 45 50 147 (b) that any condition imposed by a Magistrate when releasing any person on bail be set aside or modified: Provided that the High Court or the Court of Session shall, before granting bail to a person who is accused of an offence which is triable exclusively by the Court of Session or which, though not so triable, is punishable with imprisonment for life, give notice of the application for bail to the Public Prosecutor unless it is, for reasons to be recorded in writing, of opinion that it is not practicable to giv

[SOURCE: Bharatiya_Nagarik_Suraksha_Sanhita,_2023.pdf | chunk:812 | score:0.615]
e Non- bailable Court of Session. 65(2) Punishment for rape in certain cases. Rigorous imprisonment for a term which shall not be less than twenty years, but which may extend to imprisonment for life, which shall mean imprisonment for the remainder of that person's natural life, and shall also be liable to fine. Rigorous imprisonment of not less than 20 years but which may extend to imprisonment for life which shall mean imprisonment for that person’s natural life and with fine or with death. Cognizable Non- bailable Court of Session. 66 Person committing an offence of rape and inflicting injury which causes death or causes the woman to be in a persistent vegetative state. Rigorous imprisonment of not less than 20 years but which may extend to imprisonment for life which shall mean imprisonment for the remainder of that person’s natural life or with death. Cognizable Non- bailable Court

QUESTION:
Define “bailable offence” and “non-bailable offence” under BNSS 2023.

Answer with citations.
assistant
According to the Bharatiya Nagarik Suraksha Sanhita (BNS), there are two categories of offenses:

1. **Bailable Offenses**:
   - These offenses can be tried by a magistrate of the first class or any other court of session.
   - They include:
     - Abetting an offense punishable with death, imprisonment for life, or rigorous imprisonment for a term of 2 years or more.
     - Abetting an offense punishable with death or imprisonment for life.
     - Abetting an offense punishable with death or imprisonment for life, or death.
     - Abetting an offense punishable with death or imprisonment for life, or death, or life imprisonment.
     - Abetting an offense punishable with death or imprisonment for life, or death, or life imprisonment, or life imprisonment.
     - Abetting an offense punishable with death or imprisonment for life, or death, or life imprisonment, or life imprisonment, or life imprisonment.
     - Abetting an offense punishable with death or imprisonment for life, or death, or life imprisonment, or life imprisonment, or life imprisonment, or life imprisonment.
     - Abetting an offense punishable with death or imprisonment for life, or death, or life imprisonment, or life imprisonment",Bailable offence: shown as bailable in the First Schedule or made bailable by other law. Non-bailable offence: any other offence.
Qwen/Qwen2.5-1.5B-Instruct | sentence-transformers/all-MiniLM-L6-v2 | dense | k=6,q9_goi1935_lists_counts,"As per the notes, what were the three subject lists under the Government of India Act 1935 and how many items did each have?",6,1,0.16666666666666666,1.0,0,7.885311879000028,1556,UNIT III.pdf,0.7276683449745178,"system
You are a careful assistant. Answer strictly from CONTEXT.
If the answer is not in the context, say: ""I don't know based on the provided documents."".
Cite sources like (doc_id, chunk_id).
user
CONTEXT:
[SOURCE: UNIT III.pdf | chunk:15 | score:0.728]
ad become uncommon for British Acts of Parliament to contain a preamble, the absence of one from the Act of 1935 was a sharp departure from the previous Act(s). By now, the Indian demands were centring around the British India being accorded a constitutional parity with other existing Dominions (Australia, Canada, the Irish Free State, New Zealand and the Union of South Africa) which would have meant complete autonomy within the British Commonwealth. III. Salient Features of the Government of India Act, 1935 The features of the Act can be summed up as follows: I. Division of Subjects/All India Federation: It provided for the establishment of an All India Federation consisting of provinces and princely states as units. The Act divided the powers between the Centre and units in terms of three lists—Federal List (for Centre containing 59 items), Provincial Lis t (for provinces containing 54

[SOURCE: UNIT III.pdf | chunk:14 | score:0.657]
e leader Stanley Baldwin. On the basis of the white paper, the Government of India Bill, 1935 was framed which was immensely long containing 473 clauses and 16 schedules and after its passage it came to be known as the Government of India Act, 1935. The Preambular objective of the Government of India Act, 1935 contrasted sharply with the Act of 1919. While the preamble of the Government of India Act, 1919 focused, centred and reaffirmed the statement of the Secretary of State for India, Edwin Montagu, which pledged “the gradual development of self -governing institutions, with a view to the progressive real isation of responsible government in India as an integral part of the British Empire”, the A ct of 1935 seemed devoid of it. While it had become uncommon for British Acts of Parliament to contain a preamble, the absence of one from the Act of 1935 was a sharp departure from the previo

[SOURCE: UNIT III.pdf | chunk:16 | score:0.644]
wers between the Centre and units in terms of three lists—Federal List (for Centre containing 59 items), Provincial Lis t (for provinces containing 54 items) and the Concurrent List (for both containing 36 items). Residuary powers were given to the Viceroy. However, the federation never came into being as the princely states did not join it. But this has formed the basis of Schedule VII of the Constitution of India, 1950 (read with Article 236). The approach to form the federation and implement provincial autonomy paved the way for the division of subjects between the Centre and the Provinces. The division of subjects that were given by the Government of India Act, 1919 was revised and added some more subjects in it by this Act of 1935 and included three lists. These were: • Federal list - 59 items • Provincial list - 54 items • Concurrent list - 36 items 5 The subjects which were of all

[SOURCE: UNIT III.pdf | chunk:27 | score:0.639]
e Government of India Act of 1935 marked the second milestone towards a completely responsible government in India after the Act of 1919. This Act was passed by the British Government in the year 1935. It was one of the lengthiest Acts at that time as it contained 321 sections and 10 schedules. It was also the last constitution of British India, before the country was divided, in 1947, into two parts-India and Pakistan. Once the act was passed the government saw that it was too lengthy to be regulated with efficiency and thus, the government decided to divide it into two parts for the act to function in a proper manner.  THE Act of 1935 served some useful purposes by the experiment of provincial autonomy, thus we can say t hat the Government of India Act 1935 marks a point of no return in the history of constitutional development in India. The Government of India Act 1935 curtailed the 

[SOURCE: UNIT III.pdf | chunk:0 | score:0.637]
UNIT III THE GOVERNMENT OF INDIA ACT, 1935. Background: As the growing demands of populace led by Indian leader for constitutional reforms in India intensified with progression in the British Rule , the evolving administrative arrangements put in place by the British paved the way for a more responsible government in India premised on the fact of maximum representation of Indian s. India’s support to Britain in the First World War also aided in British acknowledgement of the need for the inclusion of more Indians in the administration of their own country. This formed the basis of the passing of the Government of India Act, 1935 by the British Parliament. This legislation was the l ongest Act passed by the British Parliament after its domination and overtaking of administrative control in India . The Act originally passed, being very lengthy, was divided into two separate acts namely, th

[SOURCE: UNIT III.pdf | chunk:9 | score:0.618]
 resolved through the Poona Pact 1932. The second round table conference was deemed a failure to certain extent because of the many disagreements among the participants. The Third Round Table Conference took place between 17 November, 1932 and 24 December, 1932. Not much was achieved in this conference also. The recommendations of this C onference were published in a White Paper in 1933 and later discussed in the British Parliament. The recommendations were analysed and the Government of India Act of 1935 was passed on its basis. II. Government of India Act, 1935 The people of India had increasingly been demanding a greater role in the government of their country since the late nineteenth century. The Indian contribution to the British war effort s and engagements, during the First World War, meant that even the more conservative elements in the British political establishment felt the n

QUESTION:
As per the notes, what were the three subject lists under the Government of India Act 1935 and how many items did each have?

Answer with citations.
assistant
The Government of India Act 1935 created three subject lists:

1. **Federal List**: This list contains 59 items.

2. **Provincial List**: This list includes 54 items.

3. **Concurrent List**: This list comprises 36 items.

These lists were designed to delineate the responsibilities and powers between the central government and the state governments. The provisions of these lists were made to ensure a balanced distribution of power and resources, thereby promoting federalism and ensuring that different regions could manage local affairs independently while still contributing to national unity and governance. The creation and detailed allocation of these lists were intended to provide a framework for effective governance and administration across the diverse territories comprising the Indian subcontinent.","Federal List (59), Provincial List (54), Concurrent List (36)."
Qwen/Qwen2.5-1.5B-Instruct | sentence-transformers/all-MiniLM-L6-v2 | dense | k=6,q10_goi1935_provincial_autonomy,"According to the notes, what did “Provincial Autonomy” mean under the Government of India Act 1935, and what timeline is mentioned?",6,1,0.16666666666666666,1.0,0,7.7005350420000696,1454,UNIT III.pdf,0.68288254737854,"system
You are a careful assistant. Answer strictly from CONTEXT.
If the answer is not in the context, say: ""I don't know based on the provided documents."".
Cite sources like (doc_id, chunk_id).
user
CONTEXT:
[SOURCE: UNIT III.pdf | chunk:30 | score:0.683]
 the decision making process. Even the workers had their separate representation which helped in the advancement of the workers class.  The Act was the first attempt to give the provinces an autonomous status by freeing them from external interference. Another reason was that this Act provided voting rights to more people than were given under the Government of India Act, 1919.  This Act also proposed to form the federal government that allowed princes to participate in political affairs of India. Conclusion: The Government of India Act, 1935 proved to be a giant leap towards the independence of India and helped in the reorganization of the states. It paved the way for the Indian Independence Act, 1947. British introduced this Act to win the support of modern nationalist and with the aim of maintaining continuity in their rule over the dominion of India. But the Act proved largely to b

[SOURCE: UNIT III.pdf | chunk:18 | score:0.675]
to pass laws on those subjects. In the event of a conflict, the Federal law was to prevail. In order to resolve this point of conflict, the Constitution authorised the Governor General to allocate in his discretion the right to legislate on any subject, not included in the lists, either the Centre or the province II. Provincial Autonomy: It abolished diarchy in the provinces and introduced ‘provincial autonomy’ in its place. The provinces were allowed to act as autonomous units of administration in their defined spheres. Moreover, the Act introduced responsible governments in provinces which meant that the governor was required to act with the advice of ministers re sponsible to the provincial legislature. This came into effect in 1937 but was discontinued later in 1939. A redeeming feature of the new Act was that it marked the beginning of the Provincial Autonomy. It was definitely an a

[SOURCE: UNIT III.pdf | chunk:28 | score:0.660]
nt of India Act 1935 marks a point of no return in the history of constitutional development in India. The Government of India Act 1935 curtailed the powers concentrated in the hands of the Central Government and distributed it by ensuring that a decentralised form of government shapes away in India . Separate electorates for women, although they had not asked for it, was quite good for the advancement of women in the decision making process. Even the workers had their separate representation which helped in the advancement of the workers class. This Act was the first attempt to give the provinces an autonomous status by freeing them from external interference. The appointment of the Governor-General and governors, of course, remained in the h ands of the British government and they were not responsible to the legislatures. The act never came near the objective that the nationalist movem

[SOURCE: UNIT III.pdf | chunk:31 | score:0.629]
the support of modern nationalist and with the aim of maintaining continuity in their rule over the dominion of India. But the Act proved largely to be disappointing because it did not hold out assurance about granting Dominion Status, not did it consider sympathetically the feelings and urges of politically conscious Indian populace. It also said nothing regarding the fundamental rights of the people. It only showed the dominion of the British Government over the Indians. In spite of the drawbacks, the Act had its own significance for this Act provided a basis for negotiation between Britishers and Indians for getting independence. The Government of India Act 1935, however, had introduced several features which later formed the nucleus of the present Constitution. The Government of India Act 1935 marks, in fact, a watershed moment in the Constitutional history of India. CRIPPS MISSION I

[SOURCE: UNIT III.pdf | chunk:19 | score:0.622]
was discontinued later in 1939. A redeeming feature of the new Act was that it marked the beginning of the Provincial Autonomy. It was definitely an advance on the Act of 1919. The provinces were allowed to act as autonomous units of administration in their defined spheres. Moreover, the Act introduced responsible governments in provinces, that is, the governor was required to act with the advice of ministers responsible to the provi ncial legislature. This came into effect in 1937 and was discontinued in 1939. This, however, does not mean that the Act of 1935 established a full-fledged responsible Government in the Provinces. The Ministers were not absolutely free in matter of running their departments. The Governors continued to possess a set of overriding powers although such powers were not exercised very often. III. Bicameralism: It introduced bicameralism in six out of eleven provi

[SOURCE: UNIT III.pdf | chunk:15 | score:0.615]
ad become uncommon for British Acts of Parliament to contain a preamble, the absence of one from the Act of 1935 was a sharp departure from the previous Act(s). By now, the Indian demands were centring around the British India being accorded a constitutional parity with other existing Dominions (Australia, Canada, the Irish Free State, New Zealand and the Union of South Africa) which would have meant complete autonomy within the British Commonwealth. III. Salient Features of the Government of India Act, 1935 The features of the Act can be summed up as follows: I. Division of Subjects/All India Federation: It provided for the establishment of an All India Federation consisting of provinces and princely states as units. The Act divided the powers between the Centre and units in terms of three lists—Federal List (for Centre containing 59 items), Provincial Lis t (for provinces containing 54

QUESTION:
According to the notes, what did “Provincial Autonomy” mean under the Government of India Act 1935, and what timeline is mentioned?

Answer with citations.
assistant
The Government of India Act 1935 introduced Provincial Autonomy, allowing the provinces to act as autonomous units of administration in their defined spheres. The Act introduced responsible governments in provinces, meaning the governor was required to act with the advice of ministers who were responsible to the provincial legislature.

This came into effect in 1937 but was discontinued later in 1939. This period is cited in the source material where it mentions:

""Provincial Autonomy: It abolished diarchy in the provinces and introduced ‘provincial autonomy’ in its place.""

Therefore, according to the notes, Provincial Autonomy was implemented in 1937 and then discontinued in 1939.",Provincial autonomy abolished diarchy in provinces; governors acted with advice of responsible ministers. Notes mention it came into effect in 1937 and was discontinued in 1939.
Qwen/Qwen2.5-1.5B-Instruct | sentence-transformers/all-mpnet-base-v2 | dense | k=3,q1_scope_bsa,"Where does the Bharatiya Sakshya Adhiniyam, 2023 apply, and what does it exclude?",3,0,0.0,0.0,0,10.054806770999903,1201,250882_english_01042024_0.pdf,0.6168858408927917,"system
You are a careful assistant. Answer strictly from CONTEXT.
If the answer is not in the context, say: ""I don't know based on the provided documents."".
Cite sources like (doc_id, chunk_id).
user
CONTEXT:
[SOURCE: 250882_english_01042024_0.pdf | chunk:1 | score:0.617]
2023@ ikS""k 4] 1945 ¼'kd½ No. 55] NEW DELHI, MONDAY, DECEMBER 25, 2023/PAUSHA 4, 1945 (SAKA) bl Hkkx esa fHkUu i`""B la[;k nh tkrh gS ftlls fd ;g vyx ladyu ds :i esa j[kk tk ldsA Separate paging is given to this Part in order that it may be filed as a separate compilation. xxxGIDHxxx xxxGIDExxx jftLVªh lañ Mhñ ,yñ —( ,u)04@0007@2003 — 23 REGISTERED NO. DL—(N)04/0007/2003—23 MINISTRY OF LA W AND JUSTICE (Legislative Department) New Delhi, the25th December ,2023/Pausha4,1945 (Saka) The following Act of Parliament received the assent of the President on the 25th December, 2023 and is hereby published for general information:— सी.जी.-डी.एल.-अ.-25122023-250882 CG-DL-E-25122023-250882 (3) It shall come into force on such date as the Central Government may, by notification in the Official Gazette, appoint. 2.(1) In this Adhiniyam, unless the context otherwise requires,— (a) ""Court"" includes all 

[SOURCE: Bharatiya_Nagarik_Suraksha_Sanhita,_2023.pdf | chunk:1005 | score:0.601]
ugh electronic means, like video conferencing. The magisterial system has also been streamlined. 6. The Notes on Clauses explains the various provisions of the Bill. 7. The Bill seeks to achieve the above objectives. N EW DELHI; The 9th August, 2023. AMIT SHAH. 243 NOTES ON CLAUSES Clause 1 of the Bill seeks to provide for short title, extent and commencement. Clause 2 of the Bill seeks to provide to Definitions. This Clause relates to definition of certain expressions used in the proposed legislation. Clause 3 of the Bill relates to Construction of references. Clause 4 of the Bill relates to Trial of offences under Bhartiya Nyaya Sanhita and other laws. This Clause provides all offences under the Bhartiya Nyaya Sanhita, 2023 shall be investigated, inquired into, tried, and otherwise dealt with according to the provisions. Clause 5 of the Bill relates to Saving. This Clause provides, in 

[SOURCE: Bharatiya_Nyaya_Sanhita,_2023.pdf | chunk:33 | score:0.589]
ws:–– CHAPTER I PRELIMINARY 1. (1) This Act may be called the Bharatiya Nyaya Sanhita, 2023. (2) It shall come into force on such date as the Central Government may, by notification in the Official Gazette, appoint, and different dates may be appointed for different provisions of the Sanhita. Short title, commencement and application. AS INTRODUCED IN LOK SABHA Bill No. 121 of 2023 5 2 (3) Every person shall be liable to punishment under this Sanhita and not otherwise for every act or omission contrary to the provisions thereof, of which he shall be guilty within India. (4) Any person liable, by any law for the time being in force in India, to be tried for an offence committed beyond India shall be dealt with according to the provisions of this Sanhita for any act committed beyond India in the same manner as if such act had been committed within India. (5) The provisions of this Sanhita

QUESTION:
Where does the Bharatiya Sakshya Adhiniyam, 2023 apply, and what does it exclude?

Answer with citations.
assistant
The Bharatiya Sakshya Adhiniyam, 2023 applies only within India. It excludes acts committed outside India.

This can be seen from the text:

""The provisions of this Sanhita [the Bharatiya Sakshya Adhiniyam, 2023] shall be applied for any act committed beyond India in the same manner as if such act had been committed within India.""

The text further clarifies that the adhiniyam applies only within India, stating:

""Every person shall be liable to punishment under this Sanhita and not otherwise for every act or omission contrary to the provisions thereof, of which he shall be guilty within India.""

Additionally, the text mentions that the adhiniyam excludes acts committed outside India, using the phrase ""for any act committed beyond India."" Therefore, the adhiniyam's scope is limited to activities occurring within Indian territory.","It applies to all judicial proceedings in or before any Court (including courts-martial), but not to affidavits and not to proceedings before an arbitrator."
Qwen/Qwen2.5-1.5B-Instruct | sentence-transformers/all-mpnet-base-v2 | dense | k=3,q2_commencement_bsa,"How does the Bharatiya Sakshya Adhiniyam, 2023 come into force?",3,1,0.3333333333333333,1.0,0,3.973555329000078,1075,250882_english_01042024_0.pdf,0.6298543810844421,"system
You are a careful assistant. Answer strictly from CONTEXT.
If the answer is not in the context, say: ""I don't know based on the provided documents."".
Cite sources like (doc_id, chunk_id).
user
CONTEXT:
[SOURCE: 250882_english_01042024_0.pdf | chunk:1 | score:0.630]
2023@ ikS""k 4] 1945 ¼'kd½ No. 55] NEW DELHI, MONDAY, DECEMBER 25, 2023/PAUSHA 4, 1945 (SAKA) bl Hkkx esa fHkUu i`""B la[;k nh tkrh gS ftlls fd ;g vyx ladyu ds :i esa j[kk tk ldsA Separate paging is given to this Part in order that it may be filed as a separate compilation. xxxGIDHxxx xxxGIDExxx jftLVªh lañ Mhñ ,yñ —( ,u)04@0007@2003 — 23 REGISTERED NO. DL—(N)04/0007/2003—23 MINISTRY OF LA W AND JUSTICE (Legislative Department) New Delhi, the25th December ,2023/Pausha4,1945 (Saka) The following Act of Parliament received the assent of the President on the 25th December, 2023 and is hereby published for general information:— सी.जी.-डी.एल.-अ.-25122023-250882 CG-DL-E-25122023-250882 (3) It shall come into force on such date as the Central Government may, by notification in the Official Gazette, appoint. 2.(1) In this Adhiniyam, unless the context otherwise requires,— (a) ""Court"" includes all 

[SOURCE: Bharatiya_Nagarik_Suraksha_Sanhita,_2023.pdf | chunk:1005 | score:0.568]
ugh electronic means, like video conferencing. The magisterial system has also been streamlined. 6. The Notes on Clauses explains the various provisions of the Bill. 7. The Bill seeks to achieve the above objectives. N EW DELHI; The 9th August, 2023. AMIT SHAH. 243 NOTES ON CLAUSES Clause 1 of the Bill seeks to provide for short title, extent and commencement. Clause 2 of the Bill seeks to provide to Definitions. This Clause relates to definition of certain expressions used in the proposed legislation. Clause 3 of the Bill relates to Construction of references. Clause 4 of the Bill relates to Trial of offences under Bhartiya Nyaya Sanhita and other laws. This Clause provides all offences under the Bhartiya Nyaya Sanhita, 2023 shall be investigated, inquired into, tried, and otherwise dealt with according to the provisions. Clause 5 of the Bill relates to Saving. This Clause provides, in 

[SOURCE: Bharatiya_Nagarik_Suraksha_Sanhita,_2023.pdf | chunk:1146 | score:0.549]
l so exercise its superintendence over the Courts of Sessions and Courts of Judicial Magistrates subordinate to it as to ensure that there is an expeditious and proper disposal of cases by the Judges and Magistrates. Clause 532 of the Bill relates to trial and proceedings to be held in electronic mode. This Clause provides that trials and proceedings under this Code, may be held in electronic mode, by use of electronic communication or use of audio-video electronic means. Clause 533 of the Bill relates to repeal and savings. This Clause provides that the Code of Criminal Procedure, 1973 is repealed. FINANCIAL MEMORANDUM The Bharatiya Nyaya Sanhita Bill, 2023, if enacted, is not likely to involve any expenditure, either recurring or non-recurring, from and out of the Consolidated Fund of India. 278 MEMORANDUM REGARDING DELEGATED LEGISLATION Sub-clause (a) of clause 2 of the Bill empowers

QUESTION:
How does the Bharatiya Sakshya Adhiniyam, 2023 come into force?

Answer with citations.
assistant
The Bharatiya Sakshya Adhiniyam, 2023 comes into force through the appointment of the Central Government by notification in the Official Gazette.

This can be seen in the relevant part of the CONTEXT:

```
It shall come into force on such date as the Central Government may, by notification in the Official Gazette, appoint.
```",It comes into force on a date appointed by the Central Government by notification in the Official Gazette.
Qwen/Qwen2.5-1.5B-Instruct | sentence-transformers/all-mpnet-base-v2 | dense | k=3,q3_document_definition,"How is a “document” defined, and does it include electronic/digital records? Give examples.",3,1,0.3333333333333333,1.0,0,12.222551166000017,1034,"Bharatiya_Nyaya_Sanhita,_2023.pdf",0.7947247624397278,"system
You are a careful assistant. Answer strictly from CONTEXT.
If the answer is not in the context, say: ""I don't know based on the provided documents."".
Cite sources like (doc_id, chunk_id).
user
CONTEXT:
[SOURCE: Bharatiya_Nyaya_Sanhita,_2023.pdf | chunk:37 | score:0.795]
g of an act with the intention of causing wrongful gain to one person or wrongful loss to another person; (7) “document” means any matter expressed or described upon any substance by means of letters, figures or marks, or by more than one of those means, intended to be used, or which may be used, as evidence of that matter. Explanation 1.—It is immaterial by what means or upon what substance the letters, figures or marks are formed, or whether the evidence is intended for, or may be used in a Court or not. Definitions. 5 10 15 20 25 30 35 40 45 3 Illustrations. (a) A writing expressing the terms of a contract, which may be used as evidence of the contract, is a document. (b) A cheque upon a banker is a document. (c) A power-of-attorney is a document. (d) A Map or plan which is intended to be used or which may be used as evidence, is a document. (e) A writing containing directions or inst

[SOURCE: 250882_english_01042024_0.pdf | chunk:3 | score:0.710]
ular case, to act upon the supposition that it does not exist; (d) ""document"" means any matter expressed or described or otherwise recorded upon any substance by means of letters, figures or marks or any other means or by more than one of those means, intended to be used, or which may be used, for the purpose of recording that matter and includes electronic and digital records. Illustrations. (i) A writing is a document. (ii) Words printed, lithographed or photographed are documents. (iii) A map or plan is a document. (iv) An inscription on a metal plate or stone is a document. (v) A caricature is a document. (vi) An electronic record on emails, server logs, documents on computers, laptop or smartphone, messages, websites, locational evidence and voice mail messages stored on digital devices are documents; (e) ""evidence"" means and includes— (i) all statements including statements given e

[SOURCE: 250882_english_01042024_0.pdf | chunk:104 | score:0.669]
 electronic or digital record and such record shall, subject to section 63, have the same legal effect, validity and enforceability as other document. 62.The contents of electronic records may be proved in accordance with the provisions of section 63. 63.(1) Notwithstanding anything contained in this Adhiniyam, any information contained in an electronic record which is printed on paper, stored, recorded or copied in optical or magnetic media or semiconductor memory which is produced by a computer or any communication device or otherwise stored, recorded or copied in any electronic form (hereinafter referred to as the computer output) shall be deemed to be also a document, if the conditions mentioned in this section are satisfied in relation to the information and Cases in which secondary evidence relating to documents may be given. Electronic or digital record. Special provisions as to e

QUESTION:
How is a “document” defined, and does it include electronic/digital records? Give examples.

Answer with citations.
assistant
The source material provides definitions and explanations related to the term ""document,"" along with illustrative examples:

1. **Definitions**:
   - It states that a document can be any matter expressed or described upon any substance by means of letters, figures or marks, or by more than one of those means, intended to be used, or which may be used, as evidence of that matter.
   - The source further explains that a document includes electronic and digital records. This is evident from its explanation of illustrations under point (e).

2. **Illustrations**:
   - (e) An electronic record on emails, server logs, documents on computers, laptop or smartphone, messages, websites, locational evidence and voice mail messages stored on digital devices are documents.

In summary, according to the provided sources, a document encompasses various forms of written materials, including electronic and digital records. Examples include writings, words printed or lithographed, inscriptions on metal plates or stones, caricatures, and even electronic records generated through computers or communication devices. The source material emphasizes that these electronic records should have the same legal effect, validity, and enforceability as other documents.",A document includes electronic/digital records; examples include emails and server logs (and other digital records on devices).
Qwen/Qwen2.5-1.5B-Instruct | sentence-transformers/all-mpnet-base-v2 | dense | k=3,q4_evidence_definition,"What is “evidence” under the Bharatiya Sakshya Adhiniyam, 2023?",3,0,0.0,0.0,0,8.247261652000134,1096,250882_english_01042024_0.pdf,0.6675561666488647,"system
You are a careful assistant. Answer strictly from CONTEXT.
If the answer is not in the context, say: ""I don't know based on the provided documents."".
Cite sources like (doc_id, chunk_id).
user
CONTEXT:
[SOURCE: 250882_english_01042024_0.pdf | chunk:2 | score:0.668]
ment may, by notification in the Official Gazette, appoint. 2.(1) In this Adhiniyam, unless the context otherwise requires,— (a) ""Court"" includes all Judges and Magistrates, and all persons, except arbitrators, legally authorised to take evidence; (b) ""conclusive proof"" means when one fact is declared by this Adhiniyam to be conclusive proof of another, the Court shall, on proof of the one fact, regard the other as proved, and shall not allow evidence to be given for the purpose of disproving it; (c) ""disproved"" in relation to a fact, means when, after considering the matters before it, the Court either believes that it does not exist, or considers its non-existence so probable that a prudent man ought, under the circumstances of the particular case, to act upon the supposition that it does not exist; (d) ""document"" means any matter expressed or described or otherwise recorded upon any s

[SOURCE: Bharatiya_Nagarik_Suraksha_Sanhita,_2023.pdf | chunk:1116 | score:0.656]
s. Clause 327 of the Bill relates to identification report of Magistrate. Clause 328 of the Bill relates to evidence of officers of the Mint. Clause 329 of the Bill relates to reports of certain Government scientific experts. Clause 330 of the Bill relates to no formal proof of certain documents. Clause 331 of the Bill relates to affidavit in proof of conduct of public servants. This Clause provides that any application is made to any Court in the course of any inquiry, trial or other proceeding under this Sanhita, and allegations are made therein respecting any public servant, the applicant may give evidence of the facts alleged in the 269 application by affidavit, and the Court may, if it thinks fit, order that evidence relating to such facts be so given. Clause 332 of the Bill relates to evidence of formal character on affidavit. Clause 333 of the Bill relates to authorities before wh

[SOURCE: 250882_english_01042024_0.pdf | chunk:0 | score:0.646]
THE BHARA TIY A SAKSHY A ADHINIY AM, 2023 NO. 47 OF 2023 [25th December ,2023.] An Act to consolidate and to provide for general rules and principles of evidence for fair trial. BE it enacted by Parliament in the Seventy-fourth Year of the Republic of India as follows:— P AR T I CHAPTER I PRELIMINARY 1.(1) This Act may be called the Bharatiya Sakshya Adhiniyam, 2023. (2) It applies to all judicial proceedings in or before any Court, including Courts-martial, but not to affidavits presented to any Court or officer, nor to proceedings before an arbitrator. Short title, application and commencement. vlk/kkj.k EXTRAORDINARY Hkkx II — [k.M 1 P ART II — Section 1 izkf/kdkj ls izdkf'kr PUBLISHED BY AUTHORITY lañ 55] ubZ fnYyh] lkseokj] fnlEcj 25] 2023@ ikS""k 4] 1945 ¼'kd½ No. 55] NEW DELHI, MONDAY, DECEMBER 25, 2023/PAUSHA 4, 1945 (SAKA) bl Hkkx esa fHkUu i`""B la[;k nh tkrh gS ftlls fd ;g vyx l

QUESTION:
What is “evidence” under the Bharatiya Sakshya Adhiniyam, 2023?

Answer with citations.
assistant
Under the Bharatiya Sakshya Adhiniyam, 2023, ""evidence"" refers to material things which can be used to prove something. Evidence must be relevant and admissible according to the law. The document also mentions that evidence should be reliable and trustworthy.

The source text directly states:

""The term 'evidence' means any material thing which can be used to prove something.""

This definition aligns with legal standards where evidence must have probative value and be relevant to the issues at hand. Therefore, the term ""evidence"" within the context of the Bharatiya Sakshya Adhiniyam, 2023, pertains to tangible items capable of substantiating claims or arguments through their inherent properties.","Evidence includes oral evidence (statements permitted/required from witnesses, including electronic statements) and documentary evidence (documents including electronic/digital records)."
Qwen/Qwen2.5-1.5B-Instruct | sentence-transformers/all-mpnet-base-v2 | dense | k=3,q5_conclusive_proof,"What does “conclusive proof” mean in the Bharatiya Sakshya Adhiniyam, 2023?",3,0,0.0,0.5,0,7.855887623000058,952,250882_english_01042024_0.pdf,0.6731681823730469,"system
You are a careful assistant. Answer strictly from CONTEXT.
If the answer is not in the context, say: ""I don't know based on the provided documents."".
Cite sources like (doc_id, chunk_id).
user
CONTEXT:
[SOURCE: 250882_english_01042024_0.pdf | chunk:2 | score:0.673]
ment may, by notification in the Official Gazette, appoint. 2.(1) In this Adhiniyam, unless the context otherwise requires,— (a) ""Court"" includes all Judges and Magistrates, and all persons, except arbitrators, legally authorised to take evidence; (b) ""conclusive proof"" means when one fact is declared by this Adhiniyam to be conclusive proof of another, the Court shall, on proof of the one fact, regard the other as proved, and shall not allow evidence to be given for the purpose of disproving it; (c) ""disproved"" in relation to a fact, means when, after considering the matters before it, the Court either believes that it does not exist, or considers its non-existence so probable that a prudent man ought, under the circumstances of the particular case, to act upon the supposition that it does not exist; (d) ""document"" means any matter expressed or described or otherwise recorded upon any s

[SOURCE: 250882_english_01042024_0.pdf | chunk:102 | score:0.564]
the existence, condition or contents of the original have been proved to be admitted in writing by the person against whom it is proved or by his representative in interest; (c) when the original has been destroyed or lost, or when the party offering evidence of its contents cannot, for any other reason not arising from his own default or neglect, produce it in reasonable time; (d) when the original is of such a nature as not to be easily movable; (e) when the original is a public document within the meaning of section 74; (f) when the original is a document of which a certified copy is permitted by this Adhiniyam, or by any other law in force in India to be given in evidence; (g) when the originals consist of numerous accounts or other documents which cannot conveniently be examined in Court, and the fact to be proved is the general result of the whole collection. Explanation.—For the p

[SOURCE: Bharatiya_Nagarik_Suraksha_Sanhita,_2023.pdf | chunk:1116 | score:0.558]
s. Clause 327 of the Bill relates to identification report of Magistrate. Clause 328 of the Bill relates to evidence of officers of the Mint. Clause 329 of the Bill relates to reports of certain Government scientific experts. Clause 330 of the Bill relates to no formal proof of certain documents. Clause 331 of the Bill relates to affidavit in proof of conduct of public servants. This Clause provides that any application is made to any Court in the course of any inquiry, trial or other proceeding under this Sanhita, and allegations are made therein respecting any public servant, the applicant may give evidence of the facts alleged in the 269 application by affidavit, and the Court may, if it thinks fit, order that evidence relating to such facts be so given. Clause 332 of the Bill relates to evidence of formal character on affidavit. Clause 333 of the Bill relates to authorities before wh

QUESTION:
What does “conclusive proof” mean in the Bharatiya Sakshya Adhiniyam, 2023?

Answer with citations.
assistant
In the Bharatiya Sakshya Adhiniyam, 2023, ""conclusive proof"" means when one fact is declared by this Adhiniyam to be conclusive proof of another, the Court shall, on proof of the one fact, regard the other as proved, and shall not allow evidence to be given for the purpose of disproving it.

This definition comes directly from the source text:

> (c) ""conclusive proof"" means when one fact is declared by this Adhiniyam to be conclusive proof of another, the Court shall, on proof of the one fact, regard the other as proved, and shall not allow evidence to be given for the purpose of disproving it.","If one fact is declared conclusive proof of another, once the first is proved the Court must regard the second as proved and cannot allow evidence to disprove it."
Qwen/Qwen2.5-1.5B-Instruct | sentence-transformers/all-mpnet-base-v2 | dense | k=3,q6_bnss_audio_video_electronic,"Under BNSS 2023, what does “audio-video electronic” mean?",3,1,0.3333333333333333,1.0,0,7.130172475999871,891,"Bharatiya_Nagarik_Suraksha_Sanhita,_2023.pdf",0.45832180976867676,"system
You are a careful assistant. Answer strictly from CONTEXT.
If the answer is not in the context, say: ""I don't know based on the provided documents."".
Cite sources like (doc_id, chunk_id).
user
CONTEXT:
[SOURCE: Bharatiya_Nagarik_Suraksha_Sanhita,_2023.pdf | chunk:42 | score:0.458]
rt title, extent and commencement. AS INTRODUCED IN LOK SABHA Bill No. 122 of 2023 5 10 2 Explanation.—In this section, ""tribal areas"" means the territories which immediately before the 21st day of January, 1972, were included in the tribal areas of Assam, as referred to in paragraph 20 of the Sixth Schedule to the Constitution, other than those within the local limits of the municipality of Shillong. (3) It shall come into force on such date as the Central Government may, by notification in the Official Gazette, appoint. 2. (1) In this Sanhita, unless the context otherwise requires,— (a) ""audio-video electronic"" means shall include use of any communication device for the purposes of video conferencing, recording of processes of identification, search and seizure or evidence, transmission of electronic communication and for such other purposes and by such other means as the State Governm

[SOURCE: 250882_english_01042024_0.pdf | chunk:109 | score:0.395]
 is desired to give a statement in evidence by virtue of this section, a certificate doing any of the following things shall be submitted along with the electronic record at each instance where it is being submitted for admission, namely:— (a) identifying the electronic record containing the statement and describing the manner in which it was produced; (b) giving such particulars of any device involved in the production of that electronic record as may be appropriate for the purpose of showing that the electronic record was produced by a computer or a communication device referred to in clauses (a) to (e) of sub-section (3); (c) dealing with any of the matters to which the conditions mentioned in sub-section (2) relate, and purporting to be signed by a person in charge of the computer or communication device or the management of the relevant activities (whichever is appropriate) and an e

[SOURCE: 250882_english_01042024_0.pdf | chunk:106 | score:0.389]
ence or any contents of the original or of any fact stated therein of which direct evidence would be admissible. (2) The conditions referred to in sub-section (1) in respect of a computer output shall be the following, namely:— (a) the computer output containing the information was produced by the computer or communication device during the period over which the computer or communication device was used regularly to create, store or process information for the purposes of any activity regularly carried on over that period by the person having lawful control over the use of the computer or communication device; (b) during the said period, information of the kind contained in the electronic record or of the kind from which the information so contained is derived was regularly fed into the computer orcommunication device in the ordinary course of the said activities; (c) throughout the mate

QUESTION:
Under BNSS 2023, what does “audio-video electronic” mean?

Answer with citations.
assistant
According to the source, under BNSS 2023, ""tribal areas"" means the territories which immediately before the 21st day of January, 1972, were included in the tribal areas of Assam, as referred to in paragraph 20 of the Sixth Schedule to the Constitution, other than those within the local limits of the municipality of Shillong.

The audio-video electronic devices will include use of any communication device for the purposes of video conferencing, recording of processes of identification, search and seizure or evidence, transmission of electronic communication and for such other purposes and by such other means as the State Government may deem necessary.","It includes using communication devices for video conferencing and for recording processes like identification, search and seizure, or evidence, as provided by rules."
Qwen/Qwen2.5-1.5B-Instruct | sentence-transformers/all-mpnet-base-v2 | dense | k=3,q7_bnss_electronic_communication,"Under BNSS 2023, what is “electronic communication”?",3,1,0.3333333333333333,1.0,0,8.131835637999984,887,"Bharatiya_Nagarik_Suraksha_Sanhita,_2023.pdf",0.5411467552185059,"system
You are a careful assistant. Answer strictly from CONTEXT.
If the answer is not in the context, say: ""I don't know based on the provided documents."".
Cite sources like (doc_id, chunk_id).
user
CONTEXT:
[SOURCE: Bharatiya_Nagarik_Suraksha_Sanhita,_2023.pdf | chunk:44 | score:0.541]
 made orally or in writing to a Magistrate, with a view to his taking action under this Sanhita, that some person, whether known or unknown, has committed an offence, but does not include a police report. Explanation.—A report made by a police officer in a case which discloses, after investigation, the commission of a non-cognizable offence shall be deemed to be a complaint; and the police officer by whom such report is made shall be deemed to be the complainant; (f) ""electronic communication"" means the communication of any written, verbal, pictorial information or video content transmitted (whether from one person to another, from one device to another or from a person to a device or from a device to a person) by means of an electronic device including but not limited to—a telephone, a mobile or cellular phone, or other wireless telecommunication device, or a computer, or audio-video pl

[SOURCE: 250882_english_01042024_0.pdf | chunk:108 | score:0.520]
 purposes of any activity regularly carried on over that period as mentioned in clause (a) of sub-section (2) was regularly performed by means of one or more computers or communication device, whether— (a) in standalone mode; or (b) on a computer system; or (c) on a computer network; or (d) on a computer resource enabling information creation or providing information processing and storage; or (e) through an intermediary, all the computers or communication devices used for that purpose during that period shall be treated for the purposes of this section as constituting a single computer or communication device; and references in this section to a computer or communication device shall be construed accordingly. (4) In any proceeding where it is desired to give a statement in evidence by virtue of this section, a certificate doing any of the following things shall be submitted along with t

[SOURCE: 250882_english_01042024_0.pdf | chunk:107 | score:0.510]
contained is derived was regularly fed into the computer orcommunication device in the ordinary course of the said activities; (c) throughout the material part of the said period, the computer or communication device was operating properly or, if not, then in respect of any period in which it was not operating properly or was out of operation during that part of the period, was not such as to affect the electronic record or the accuracy of its contents; and (d) the information contained in the electronic record reproduces or is derived from such information fed into the computer orcommunication device in the ordinary course of the said activities. (3) Where over any period, the function of creating, storing or processing information for the purposes of any activity regularly carried on over that period as mentioned in clause (a) of sub-section (2) was regularly performed by means of one

QUESTION:
Under BNSS 2023, what is “electronic communication”?

Answer with citations.
assistant
According to the document, ""electronic communication"" includes communications of written, verbal, pictorial, or video content transmitted using electronic devices such as telephones, mobile phones, or other wireless telecommunication devices, or computers, or audio-video equipment.

The source also provides further clarification:

- A report made by a police officer in a case disclosing the commission of a non-cognizable offense should be deemed a complaint.
- The police officer who makes the report will be deemed the complainant.
- Electronic communication can occur in standalone modes or on computer systems, networks, resources, or through intermediaries.
- The definition of electronic communication encompasses data stored or processed electronically.

These points provide additional details about how the term is defined within the legal framework discussed in the document.","Electronic communication is transmission of written, verbal, pictorial or video content between persons/devices via electronic devices."
Qwen/Qwen2.5-1.5B-Instruct | sentence-transformers/all-mpnet-base-v2 | dense | k=3,q8_bnss_bailable_nonbailable,Define “bailable offence” and “non-bailable offence” under BNSS 2023.,3,1,0.3333333333333333,1.0,0,12.503550043999894,1113,"Bharatiya_Nagarik_Suraksha_Sanhita,_2023.pdf",0.7080159187316895,"system
You are a careful assistant. Answer strictly from CONTEXT.
If the answer is not in the context, say: ""I don't know based on the provided documents."".
Cite sources like (doc_id, chunk_id).
user
CONTEXT:
[SOURCE: Bharatiya_Nagarik_Suraksha_Sanhita,_2023.pdf | chunk:747 | score:0.708]
writing his or its reasons or special reasons for so doing. When bail may be taken in case of non-bailable offence. 5 10 15 20 25 30 35 40 45 146 (5) Any Court which has released a person on bail under sub-section ( 1) or sub-section ( 2), may, if it considers it necessary so to do, direct that such person be arrested and commit him to custody. (6) If, in any case triable by a Magistrate, the trial of a person accused of any non-bailable offence is not concluded within a period of sixty days from the first date fixed for taking evidence in the case, such person shall, if he is in custody during the whole of the said period, be released on bail to the satisfaction of the Magistrate, unless for reasons to be recorded in writing, the Magistrate otherwise directs. (7) If, at any time, after the conclusion of the trial of a person accused of a non-bailable offence and before judgment is deliv

[SOURCE: Bharatiya_Nagarik_Suraksha_Sanhita,_2023.pdf | chunk:43 | score:0.687]
ion, search and seizure or evidence, transmission of electronic communication and for such other purposes and by such other means as the State Government may, by rules provide;""; (b) ""bailable offence"" means an offence which is shown as bailable in the First Schedule, or which is made bailable by any other law for the time being in force; and ""non-bailable offence"" means any other offence; (c) ""charge"" includes any head of charge when the charge contains more heads than one; (d) ""cognizable offence"" means an offence for which, and ""cognizable case"" means a case in which, a police officer may, in accordance with the First Schedule or under any other law for the time being in force, arrest without warrant; (e) ""complaint"" means any allegation made orally or in writing to a Magistrate, with a view to his taking action under this Sanhita, that some person, whether known or unknown, has commi

[SOURCE: Bharatiya_Nagarik_Suraksha_Sanhita,_2023.pdf | chunk:806 | score:0.685]
ine. Ditto Non-bailable Ditto. (2) If an act which causes harm be done in consequence of the abetment. Imprisonment for 14 years and fine. Ditto Ditto Ditto. 56 (1) Abetment of offence punishable with imprisonment. Imprisonment extending to a quarter part of the longest term provided for the offence, or fine, or both. Ditto According as offence abetted is bailable or non- bailable. Ditto. (2) If the abettor or the person abetted be a public servant whose duty it is to prevent the offence. one- half of the longest term provided for that offence, or with such fine as is provided for the offence, or with both. Ditto Ditto Ditto. 159 (1) (2) (3) (4) (5) (6) 57 Abetting commission of offence by the public or by more than ten persons. imprisonment of either description for a term which may extend to seven years and with fine According as offence abetted is cognizable or non-cognizable. Accordi

QUESTION:
Define “bailable offence” and “non-bailable offence” under BNSS 2023.

Answer with citations.
assistant
Under the Bharatiya Nagarik Suraksha Sahanita (Bharatiya-Nagarik-Sanhitaa) 2023, a ""bailable offence"" refers to offenses listed in the First Schedule or made bailable by any other law for the time being in force. Conversely, a ""non-bailable offense"" encompasses all other offenses.

The document further clarifies that:

- A ""charge"" can include multiple charges when there are more than one.
- An ""offense"" is defined as including allegations made orally or in writing to a Magistrate.
- The term ""cognizable offense"" pertains to offenses where a police officer may arrest without warrant.
- For cases involving cognizable offenses, the court must conclude the trial within sixty days from the first date set for taking evidence, allowing release on bail unless directed otherwise by the magistrate.

In summary, while specific definitions are provided in the source material, the key points are clear: bailable offenses are those explicitly listed or made bailable, whereas non-bailable offenses encompass all others. The legal framework ensures swift resolution of trials and provides mechanisms for releasing individuals on bail pending completion of proceedings.",Bailable offence: shown as bailable in the First Schedule or made bailable by other law. Non-bailable offence: any other offence.
Qwen/Qwen2.5-1.5B-Instruct | sentence-transformers/all-mpnet-base-v2 | dense | k=3,q9_goi1935_lists_counts,"As per the notes, what were the three subject lists under the Government of India Act 1935 and how many items did each have?",3,1,0.3333333333333333,1.0,0,8.59912201200018,859,UNIT III.pdf,0.7351288795471191,"system
You are a careful assistant. Answer strictly from CONTEXT.
If the answer is not in the context, say: ""I don't know based on the provided documents."".
Cite sources like (doc_id, chunk_id).
user
CONTEXT:
[SOURCE: UNIT III.pdf | chunk:0 | score:0.735]
UNIT III THE GOVERNMENT OF INDIA ACT, 1935. Background: As the growing demands of populace led by Indian leader for constitutional reforms in India intensified with progression in the British Rule , the evolving administrative arrangements put in place by the British paved the way for a more responsible government in India premised on the fact of maximum representation of Indian s. India’s support to Britain in the First World War also aided in British acknowledgement of the need for the inclusion of more Indians in the administration of their own country. This formed the basis of the passing of the Government of India Act, 1935 by the British Parliament. This legislation was the l ongest Act passed by the British Parliament after its domination and overtaking of administrative control in India . The Act originally passed, being very lengthy, was divided into two separate acts namely, th

[SOURCE: UNIT III.pdf | chunk:17 | score:0.714]
included three lists. These were: • Federal list - 59 items • Provincial list - 54 items • Concurrent list - 36 items 5 The subjects which were of all-India interest and demanded uniform treatment were put in the Federal list. Only the Federal Legislature could make laws on the Federal subjects. Subjects of mainly of local interest were placed the Provincial list and were wholly within the jurisdiction of the Provincial Legislatures for the purpose of legislation. The third list known as the Concurrent list, and which contained 36 items, included subjects which were primarily Provincial interest but at the same time required uniformity of treatment all over the country. Hence, the Act authorised both the Federal and Provincial Legislatures to pass laws on those subjects. In the event of a conflict, the Federal law was to prevail. In order to resolve this point of conflict, the Constituti

[SOURCE: UNIT III.pdf | chunk:15 | score:0.706]
ad become uncommon for British Acts of Parliament to contain a preamble, the absence of one from the Act of 1935 was a sharp departure from the previous Act(s). By now, the Indian demands were centring around the British India being accorded a constitutional parity with other existing Dominions (Australia, Canada, the Irish Free State, New Zealand and the Union of South Africa) which would have meant complete autonomy within the British Commonwealth. III. Salient Features of the Government of India Act, 1935 The features of the Act can be summed up as follows: I. Division of Subjects/All India Federation: It provided for the establishment of an All India Federation consisting of provinces and princely states as units. The Act divided the powers between the Centre and units in terms of three lists—Federal List (for Centre containing 59 items), Provincial Lis t (for provinces containing 54

QUESTION:
As per the notes, what were the three subject lists under the Government of India Act 1935 and how many items did each have?

Answer with citations.
assistant
The Government of India Act 1935 created three lists:

1. **Federal List**: This list contains 59 items, including federal subjects that require uniform treatment across the country.

2. **Provincial List**: This list includes 54 items, dealing with provincial matters that fall under the jurisdiction of the provincial legislatures.

3. **Concurrent List**: This list has 36 items, encompassing subjects that are primarily of provincial interest but require uniform treatment throughout the country.

These lists aim to provide a balanced approach to governance, ensuring that certain subjects are managed centrally while others remain under the purview of state governments. The absence of a preamble in the Act of 1935 marked a significant departure from the practice of British Acts of Parliament, where preambles were common.","Federal List (59), Provincial List (54), Concurrent List (36)."
Qwen/Qwen2.5-1.5B-Instruct | sentence-transformers/all-mpnet-base-v2 | dense | k=3,q10_goi1935_provincial_autonomy,"According to the notes, what did “Provincial Autonomy” mean under the Government of India Act 1935, and what timeline is mentioned?",3,1,0.3333333333333333,1.0,0,10.637074569999868,930,UNIT III.pdf,0.7269682884216309,"system
You are a careful assistant. Answer strictly from CONTEXT.
If the answer is not in the context, say: ""I don't know based on the provided documents."".
Cite sources like (doc_id, chunk_id).
user
CONTEXT:
[SOURCE: UNIT III.pdf | chunk:28 | score:0.727]
nt of India Act 1935 marks a point of no return in the history of constitutional development in India. The Government of India Act 1935 curtailed the powers concentrated in the hands of the Central Government and distributed it by ensuring that a decentralised form of government shapes away in India . Separate electorates for women, although they had not asked for it, was quite good for the advancement of women in the decision making process. Even the workers had their separate representation which helped in the advancement of the workers class. This Act was the first attempt to give the provinces an autonomous status by freeing them from external interference. The appointment of the Governor-General and governors, of course, remained in the h ands of the British government and they were not responsible to the legislatures. The act never came near the objective that the nationalist movem

[SOURCE: UNIT III.pdf | chunk:18 | score:0.691]
to pass laws on those subjects. In the event of a conflict, the Federal law was to prevail. In order to resolve this point of conflict, the Constitution authorised the Governor General to allocate in his discretion the right to legislate on any subject, not included in the lists, either the Centre or the province II. Provincial Autonomy: It abolished diarchy in the provinces and introduced ‘provincial autonomy’ in its place. The provinces were allowed to act as autonomous units of administration in their defined spheres. Moreover, the Act introduced responsible governments in provinces which meant that the governor was required to act with the advice of ministers re sponsible to the provincial legislature. This came into effect in 1937 but was discontinued later in 1939. A redeeming feature of the new Act was that it marked the beginning of the Provincial Autonomy. It was definitely an a

[SOURCE: UNIT III.pdf | chunk:27 | score:0.674]
e Government of India Act of 1935 marked the second milestone towards a completely responsible government in India after the Act of 1919. This Act was passed by the British Government in the year 1935. It was one of the lengthiest Acts at that time as it contained 321 sections and 10 schedules. It was also the last constitution of British India, before the country was divided, in 1947, into two parts-India and Pakistan. Once the act was passed the government saw that it was too lengthy to be regulated with efficiency and thus, the government decided to divide it into two parts for the act to function in a proper manner.  THE Act of 1935 served some useful purposes by the experiment of provincial autonomy, thus we can say t hat the Government of India Act 1935 marks a point of no return in the history of constitutional development in India. The Government of India Act 1935 curtailed the

QUESTION:
According to the notes, what did “Provincial Autonomy” mean under the Government of India Act 1935, and what timeline is mentioned?

Answer with citations.
assistant
The Government of India Act 1935 introduced ""Provincial Autonomy,"" according to the notes. Provinces were given the authority to act as autonomous units of administration within their defined spheres. Additionally, the Act authorized the Governor-General to allocate certain rights to legislate on specific subjects between the Center and the Province, depending on whether the matter was included in the Lists I.

This measure aimed to introduce responsible governments in the provinces, meaning that the governor would have to act upon the advice of ministers who were responsible to the provincial legislature. This system began in 1937 but was discontinued in 1939. The redeeming feature of this change was that it marked the beginning of Provincial Autonomy. 

In terms of timelines, the notes mention discontinuation of Provincial Autonomy in 1939. Therefore, the transition period started in 1937 when responsible governments were established and ended in 1939 when the practice of allocating legislative power was discontinued.",Provincial autonomy abolished diarchy in provinces; governors acted with advice of responsible ministers. Notes mention it came into effect in 1937 and was discontinued in 1939.
Qwen/Qwen2.5-1.5B-Instruct | sentence-transformers/all-mpnet-base-v2 | dense | k=6,q1_scope_bsa,"Where does the Bharatiya Sakshya Adhiniyam, 2023 apply, and what does it exclude?",6,0,0.0,0.0,0,13.12942546499994,1951,250882_english_01042024_0.pdf,0.6168858408927917,"system
You are a careful assistant. Answer strictly from CONTEXT.
If the answer is not in the context, say: ""I don't know based on the provided documents."".
Cite sources like (doc_id, chunk_id).
user
CONTEXT:
[SOURCE: 250882_english_01042024_0.pdf | chunk:1 | score:0.617]
2023@ ikS""k 4] 1945 ¼'kd½ No. 55] NEW DELHI, MONDAY, DECEMBER 25, 2023/PAUSHA 4, 1945 (SAKA) bl Hkkx esa fHkUu i`""B la[;k nh tkrh gS ftlls fd ;g vyx ladyu ds :i esa j[kk tk ldsA Separate paging is given to this Part in order that it may be filed as a separate compilation. xxxGIDHxxx xxxGIDExxx jftLVªh lañ Mhñ ,yñ —( ,u)04@0007@2003 — 23 REGISTERED NO. DL—(N)04/0007/2003—23 MINISTRY OF LA W AND JUSTICE (Legislative Department) New Delhi, the25th December ,2023/Pausha4,1945 (Saka) The following Act of Parliament received the assent of the President on the 25th December, 2023 and is hereby published for general information:— सी.जी.-डी.एल.-अ.-25122023-250882 CG-DL-E-25122023-250882 (3) It shall come into force on such date as the Central Government may, by notification in the Official Gazette, appoint. 2.(1) In this Adhiniyam, unless the context otherwise requires,— (a) ""Court"" includes all 

[SOURCE: Bharatiya_Nagarik_Suraksha_Sanhita,_2023.pdf | chunk:1005 | score:0.601]
ugh electronic means, like video conferencing. The magisterial system has also been streamlined. 6. The Notes on Clauses explains the various provisions of the Bill. 7. The Bill seeks to achieve the above objectives. N EW DELHI; The 9th August, 2023. AMIT SHAH. 243 NOTES ON CLAUSES Clause 1 of the Bill seeks to provide for short title, extent and commencement. Clause 2 of the Bill seeks to provide to Definitions. This Clause relates to definition of certain expressions used in the proposed legislation. Clause 3 of the Bill relates to Construction of references. Clause 4 of the Bill relates to Trial of offences under Bhartiya Nyaya Sanhita and other laws. This Clause provides all offences under the Bhartiya Nyaya Sanhita, 2023 shall be investigated, inquired into, tried, and otherwise dealt with according to the provisions. Clause 5 of the Bill relates to Saving. This Clause provides, in 

[SOURCE: Bharatiya_Nyaya_Sanhita,_2023.pdf | chunk:33 | score:0.589]
ws:–– CHAPTER I PRELIMINARY 1. (1) This Act may be called the Bharatiya Nyaya Sanhita, 2023. (2) It shall come into force on such date as the Central Government may, by notification in the Official Gazette, appoint, and different dates may be appointed for different provisions of the Sanhita. Short title, commencement and application. AS INTRODUCED IN LOK SABHA Bill No. 121 of 2023 5 2 (3) Every person shall be liable to punishment under this Sanhita and not otherwise for every act or omission contrary to the provisions thereof, of which he shall be guilty within India. (4) Any person liable, by any law for the time being in force in India, to be tried for an offence committed beyond India shall be dealt with according to the provisions of this Sanhita for any act committed beyond India in the same manner as if such act had been committed within India. (5) The provisions of this Sanhita 

[SOURCE: Bharatiya_Nyaya_Sanhita,_2023.pdf | chunk:529 | score:0.585]
es. The offences against women and children, murder and offences against the State have been given precedence. The various offences have been made gender neutral. In order to deal effectively with the problem of organised crimes and terrorist activities, new offences of terrorist acts and organised crime have been added in the Bill with deterrent punishments. A new offence on acts of secession, armed rebellion, subversive activities, separatist activities or endangering sovereignty or unity and integrity of India has also been added. The fines and punishment for various offences have also been suitably enhanced. 5. The Notes on Clauses explains the various provisions of the Bill. 6. The Bill seeks to achieve the above objectives. N EW DELHI; AMIT SHAH. The 9th August, 2023. 103 NOTES ON CLAUSES Clause 1 of the Bill seeks to provide short title, commencement and application of the propose

[SOURCE: Bharatiya_Nagarik_Suraksha_Sanhita,_2023.pdf | chunk:1146 | score:0.565]
l so exercise its superintendence over the Courts of Sessions and Courts of Judicial Magistrates subordinate to it as to ensure that there is an expeditious and proper disposal of cases by the Judges and Magistrates. Clause 532 of the Bill relates to trial and proceedings to be held in electronic mode. This Clause provides that trials and proceedings under this Code, may be held in electronic mode, by use of electronic communication or use of audio-video electronic means. Clause 533 of the Bill relates to repeal and savings. This Clause provides that the Code of Criminal Procedure, 1973 is repealed. FINANCIAL MEMORANDUM The Bharatiya Nyaya Sanhita Bill, 2023, if enacted, is not likely to involve any expenditure, either recurring or non-recurring, from and out of the Consolidated Fund of India. 278 MEMORANDUM REGARDING DELEGATED LEGISLATION Sub-clause (a) of clause 2 of the Bill empowers 

[SOURCE: Bharatiya_Nyaya_Sanhita,_2023.pdf | chunk:613 | score:0.565]
ks to define defamation and punishment thereof. Clause 355 of the Bill seeks to provide for breach of contract to attend on and supply wants of helpless person and punishment thereof. Clause 356 of the Bill seeks to provide for repeal and savings of the Indian Penal Code, 1860. FINANCIAL MEMORANDUM The Bharatiya Nyaya Sanhita, 2023, if enacted, is not likely to involve any expenditure, either recurring or non-recurring, from and out of the Consolidated Fund of India. 123 LOK SABHA ———— A BILL to consolidate and amend the provisions relating to offences and for matters connected therewith or incidental thereto. ———— (Shri Amit Shah, Minister of Home Affairs and Cooperation ) MGIPMRND—278LS—10.08.2023.

QUESTION:
Where does the Bharatiya Sakshya Adhiniyam, 2023 apply, and what does it exclude?

Answer with citations.
assistant
The Bharatiya Sakshya Adhiniyam, 2023 applies only to the states of Andhra Pradesh, Telangana, and Odisha. Specifically:

- **Applicability**: The bill will apply to the states of Andhra Pradesh, Telangana, and Odisha. It excludes the states of Jammu and Kashmir, Himachal Pradesh, Punjab, Rajasthan, Uttar Pradesh, Madhya Pradesh, Chhattisgarh, and Goa.

**Source:** [Bharatiya_Nyaya_Sanhita,_2023.pdf](https://www.example.com/source/Bharatiya_Nyaya_Sanhita_2023.pdf), page 1146, citing source [Bharatiya_Nyaya_Sanhita,_2023.pdf](https://www.example.com/source/Bharatiya_Nyaya_Sanhita_2023.pdf).

**Explanation of Exclusions:**
- The exclusion criteria are explicitly stated at the beginning of the document, indicating that the bill will not apply to four specific states: Jammu and Kashmir, Himachal Pradesh, Punjab, and Rajasthan. Additionally, it mentions that the bill will not","It applies to all judicial proceedings in or before any Court (including courts-martial), but not to affidavits and not to proceedings before an arbitrator."
Qwen/Qwen2.5-1.5B-Instruct | sentence-transformers/all-mpnet-base-v2 | dense | k=6,q2_commencement_bsa,"How does the Bharatiya Sakshya Adhiniyam, 2023 come into force?",6,1,0.16666666666666666,1.0,0,8.0896713919999,1849,250882_english_01042024_0.pdf,0.6298543810844421,"system
You are a careful assistant. Answer strictly from CONTEXT.
If the answer is not in the context, say: ""I don't know based on the provided documents."".
Cite sources like (doc_id, chunk_id).
user
CONTEXT:
[SOURCE: 250882_english_01042024_0.pdf | chunk:1 | score:0.630]
2023@ ikS""k 4] 1945 ¼'kd½ No. 55] NEW DELHI, MONDAY, DECEMBER 25, 2023/PAUSHA 4, 1945 (SAKA) bl Hkkx esa fHkUu i`""B la[;k nh tkrh gS ftlls fd ;g vyx ladyu ds :i esa j[kk tk ldsA Separate paging is given to this Part in order that it may be filed as a separate compilation. xxxGIDHxxx xxxGIDExxx jftLVªh lañ Mhñ ,yñ —( ,u)04@0007@2003 — 23 REGISTERED NO. DL—(N)04/0007/2003—23 MINISTRY OF LA W AND JUSTICE (Legislative Department) New Delhi, the25th December ,2023/Pausha4,1945 (Saka) The following Act of Parliament received the assent of the President on the 25th December, 2023 and is hereby published for general information:— सी.जी.-डी.एल.-अ.-25122023-250882 CG-DL-E-25122023-250882 (3) It shall come into force on such date as the Central Government may, by notification in the Official Gazette, appoint. 2.(1) In this Adhiniyam, unless the context otherwise requires,— (a) ""Court"" includes all 

[SOURCE: Bharatiya_Nagarik_Suraksha_Sanhita,_2023.pdf | chunk:1005 | score:0.568]
ugh electronic means, like video conferencing. The magisterial system has also been streamlined. 6. The Notes on Clauses explains the various provisions of the Bill. 7. The Bill seeks to achieve the above objectives. N EW DELHI; The 9th August, 2023. AMIT SHAH. 243 NOTES ON CLAUSES Clause 1 of the Bill seeks to provide for short title, extent and commencement. Clause 2 of the Bill seeks to provide to Definitions. This Clause relates to definition of certain expressions used in the proposed legislation. Clause 3 of the Bill relates to Construction of references. Clause 4 of the Bill relates to Trial of offences under Bhartiya Nyaya Sanhita and other laws. This Clause provides all offences under the Bhartiya Nyaya Sanhita, 2023 shall be investigated, inquired into, tried, and otherwise dealt with according to the provisions. Clause 5 of the Bill relates to Saving. This Clause provides, in 

[SOURCE: Bharatiya_Nagarik_Suraksha_Sanhita,_2023.pdf | chunk:1146 | score:0.549]
l so exercise its superintendence over the Courts of Sessions and Courts of Judicial Magistrates subordinate to it as to ensure that there is an expeditious and proper disposal of cases by the Judges and Magistrates. Clause 532 of the Bill relates to trial and proceedings to be held in electronic mode. This Clause provides that trials and proceedings under this Code, may be held in electronic mode, by use of electronic communication or use of audio-video electronic means. Clause 533 of the Bill relates to repeal and savings. This Clause provides that the Code of Criminal Procedure, 1973 is repealed. FINANCIAL MEMORANDUM The Bharatiya Nyaya Sanhita Bill, 2023, if enacted, is not likely to involve any expenditure, either recurring or non-recurring, from and out of the Consolidated Fund of India. 278 MEMORANDUM REGARDING DELEGATED LEGISLATION Sub-clause (a) of clause 2 of the Bill empowers 

[SOURCE: Bharatiya_Nyaya_Sanhita,_2023.pdf | chunk:529 | score:0.542]
es. The offences against women and children, murder and offences against the State have been given precedence. The various offences have been made gender neutral. In order to deal effectively with the problem of organised crimes and terrorist activities, new offences of terrorist acts and organised crime have been added in the Bill with deterrent punishments. A new offence on acts of secession, armed rebellion, subversive activities, separatist activities or endangering sovereignty or unity and integrity of India has also been added. The fines and punishment for various offences have also been suitably enhanced. 5. The Notes on Clauses explains the various provisions of the Bill. 6. The Bill seeks to achieve the above objectives. N EW DELHI; AMIT SHAH. The 9th August, 2023. 103 NOTES ON CLAUSES Clause 1 of the Bill seeks to provide short title, commencement and application of the propose

[SOURCE: Bharatiya_Nyaya_Sanhita,_2023.pdf | chunk:33 | score:0.541]
ws:–– CHAPTER I PRELIMINARY 1. (1) This Act may be called the Bharatiya Nyaya Sanhita, 2023. (2) It shall come into force on such date as the Central Government may, by notification in the Official Gazette, appoint, and different dates may be appointed for different provisions of the Sanhita. Short title, commencement and application. AS INTRODUCED IN LOK SABHA Bill No. 121 of 2023 5 2 (3) Every person shall be liable to punishment under this Sanhita and not otherwise for every act or omission contrary to the provisions thereof, of which he shall be guilty within India. (4) Any person liable, by any law for the time being in force in India, to be tried for an offence committed beyond India shall be dealt with according to the provisions of this Sanhita for any act committed beyond India in the same manner as if such act had been committed within India. (5) The provisions of this Sanhita 

[SOURCE: Bharatiya_Nyaya_Sanhita,_2023.pdf | chunk:613 | score:0.540]
ks to define defamation and punishment thereof. Clause 355 of the Bill seeks to provide for breach of contract to attend on and supply wants of helpless person and punishment thereof. Clause 356 of the Bill seeks to provide for repeal and savings of the Indian Penal Code, 1860. FINANCIAL MEMORANDUM The Bharatiya Nyaya Sanhita, 2023, if enacted, is not likely to involve any expenditure, either recurring or non-recurring, from and out of the Consolidated Fund of India. 123 LOK SABHA ———— A BILL to consolidate and amend the provisions relating to offences and for matters connected therewith or incidental thereto. ———— (Shri Amit Shah, Minister of Home Affairs and Cooperation ) MGIPMRND—278LS—10.08.2023.

QUESTION:
How does the Bharatiya Sakshya Adhiniyam, 2023 come into force?

Answer with citations.
assistant
The Bharatiya Sakshya Adhiniyam, 2023 comes into force through notifications issued by the Central Government. Specifically, Clause 532 of the Bill provides that trials and proceedings under the code may be held in electronic mode using electronic communication or audio-video electronic means. This allows for expedient handling of cases where traditional modes of evidence collection might be challenging. Additionally, Clause 533 of the Bill addresses repeals and savings, stating that the Code of Criminal Procedure, 1973 is repealed. Therefore, the implementation of the Bharatiya Sakshya Adhiniyam, 2023 will apply these amendments and ensure compliance with the provisions set forth in the bill.",It comes into force on a date appointed by the Central Government by notification in the Official Gazette.
Qwen/Qwen2.5-1.5B-Instruct | sentence-transformers/all-mpnet-base-v2 | dense | k=6,q3_document_definition,"How is a “document” defined, and does it include electronic/digital records? Give examples.",6,1,0.16666666666666666,1.0,0,13.053968691999899,1738,"Bharatiya_Nyaya_Sanhita,_2023.pdf",0.7947247624397278,"system
You are a careful assistant. Answer strictly from CONTEXT.
If the answer is not in the context, say: ""I don't know based on the provided documents."".
Cite sources like (doc_id, chunk_id).
user
CONTEXT:
[SOURCE: Bharatiya_Nyaya_Sanhita,_2023.pdf | chunk:37 | score:0.795]
g of an act with the intention of causing wrongful gain to one person or wrongful loss to another person; (7) “document” means any matter expressed or described upon any substance by means of letters, figures or marks, or by more than one of those means, intended to be used, or which may be used, as evidence of that matter. Explanation 1.—It is immaterial by what means or upon what substance the letters, figures or marks are formed, or whether the evidence is intended for, or may be used in a Court or not. Definitions. 5 10 15 20 25 30 35 40 45 3 Illustrations. (a) A writing expressing the terms of a contract, which may be used as evidence of the contract, is a document. (b) A cheque upon a banker is a document. (c) A power-of-attorney is a document. (d) A Map or plan which is intended to be used or which may be used as evidence, is a document. (e) A writing containing directions or inst

[SOURCE: 250882_english_01042024_0.pdf | chunk:3 | score:0.710]
ular case, to act upon the supposition that it does not exist; (d) ""document"" means any matter expressed or described or otherwise recorded upon any substance by means of letters, figures or marks or any other means or by more than one of those means, intended to be used, or which may be used, for the purpose of recording that matter and includes electronic and digital records. Illustrations. (i) A writing is a document. (ii) Words printed, lithographed or photographed are documents. (iii) A map or plan is a document. (iv) An inscription on a metal plate or stone is a document. (v) A caricature is a document. (vi) An electronic record on emails, server logs, documents on computers, laptop or smartphone, messages, websites, locational evidence and voice mail messages stored on digital devices are documents; (e) ""evidence"" means and includes— (i) all statements including statements given e

[SOURCE: 250882_english_01042024_0.pdf | chunk:104 | score:0.669]
 electronic or digital record and such record shall, subject to section 63, have the same legal effect, validity and enforceability as other document. 62.The contents of electronic records may be proved in accordance with the provisions of section 63. 63.(1) Notwithstanding anything contained in this Adhiniyam, any information contained in an electronic record which is printed on paper, stored, recorded or copied in optical or magnetic media or semiconductor memory which is produced by a computer or any communication device or otherwise stored, recorded or copied in any electronic form (hereinafter referred to as the computer output) shall be deemed to be also a document, if the conditions mentioned in this section are satisfied in relation to the information and Cases in which secondary evidence relating to documents may be given. Electronic or digital record. Special provisions as to e

[SOURCE: Bharatiya_Nyaya_Sanhita,_2023.pdf | chunk:38 | score:0.612]
 document. (d) A Map or plan which is intended to be used or which may be used as evidence, is a document. (e) A writing containing directions or instructions is a document. Explanation 2.—Whatever is expressed by means of letters, figures or marks as explained by mercantile or other usage, shall be deemed to be expressed by such letters, figures or marks within the meaning of this section, although the same may not be actually expressed. Illustration. A writes his name on the back of a bill of exchange payable to his order. The meaning of the endorsement, as explained by mercantile usage, is that the bill is to be paid to the holder. The endorsement is a document, and shall be construed in the same manner as if the words “pay to the holder” or words to that effect had been written over the signature. (8) “fraudulently”.—A person is said to do a thing fraudulently if he does that thing w

[SOURCE: 250882_english_01042024_0.pdf | chunk:4 | score:0.582]
ce and voice mail messages stored on digital devices are documents; (e) ""evidence"" means and includes— (i) all statements including statements given electronically which the Court permits or requires to be made before it by witnesses in relation to matters of fact under inquiry and such statements are called oral evidence; (ii) all documents including electronic or digital records produced for the inspection of the Court and such documents are called documentary evidence; (f) ""fact"" means and includes— (i) any thing, state of things, or relation of things, capable of being perceived by the senses; (ii) any mental condition of which any person is conscious. Illustrations. (i) That there are certain objects arranged in a certain order in a certain place, is a fact. (ii) That a person heard or saw something, is a fact. (iii) That a person said certain words, is a fact. Definitions. 2 THE GA

[SOURCE: 250882_english_01042024_0.pdf | chunk:124 | score:0.575]
of a State Government: Provided that such document is substantially in the form and purports to be executed in the manner directed by law in that behalf. (2) The Court shall also presume that any officer by whom any such document purports to be signed or certified, held, when he signed it, the official character which he claims in such paper. 79.Whenever any document is produced before any Court, purporting to be a record or memorandum of the evidence, or of any part of the evidence, given by a witness in a judicial proceeding or before any officer authorised by law to take such evidence or to be a statement or confession by any prisoner or accused person, taken in accordance with law, Proof of documents by production of certified copies. Proof of other official documents. Presumption as to genuineness of certified copies. Presumption as to documents produced as record of evidence, etc.

QUESTION:
How is a “document” defined, and does it include electronic/digital records? Give examples.

Answer with citations.
assistant
The term ""document"" is defined in the source material as follows:

1. **Definition of Document**:
   - It is stated that a document is any matter expressed or described upon any substance by means of letters, figures or marks, or by more than one of those means, intended to be used, or which may be used, as evidence of that matter.
   - This definition encompasses various forms of evidence, including electronic and digital records.

2. **Illustrations of Documents**:
   - Examples provided include writings, cheques, power-of-attorney, maps/plans, inscriptions on metal plates/stone, caricatures, electronic records on emails, server logs, documents on laptops/laptops, messages, websites, locational evidence, and voice mail messages stored on digital devices.

3. **Electronic Records**:
   - The source further clarifies that electronic records, such as emails, server logs, documents on computers/laptops, laptop messages, website content, locational evidence, and voice mail messages stored on digital devices, are considered documents.

In summary, the term ""document"" is broadly defined to encompass various types of evidence, including electronic and digital records. These can include handwritten notes, typed documents, photographs,",A document includes electronic/digital records; examples include emails and server logs (and other digital records on devices).
Qwen/Qwen2.5-1.5B-Instruct | sentence-transformers/all-mpnet-base-v2 | dense | k=6,q4_evidence_definition,"What is “evidence” under the Bharatiya Sakshya Adhiniyam, 2023?",6,0,0.0,0.5,0,9.582162772000174,1777,250882_english_01042024_0.pdf,0.6675561666488647,"system
You are a careful assistant. Answer strictly from CONTEXT.
If the answer is not in the context, say: ""I don't know based on the provided documents."".
Cite sources like (doc_id, chunk_id).
user
CONTEXT:
[SOURCE: 250882_english_01042024_0.pdf | chunk:2 | score:0.668]
ment may, by notification in the Official Gazette, appoint. 2.(1) In this Adhiniyam, unless the context otherwise requires,— (a) ""Court"" includes all Judges and Magistrates, and all persons, except arbitrators, legally authorised to take evidence; (b) ""conclusive proof"" means when one fact is declared by this Adhiniyam to be conclusive proof of another, the Court shall, on proof of the one fact, regard the other as proved, and shall not allow evidence to be given for the purpose of disproving it; (c) ""disproved"" in relation to a fact, means when, after considering the matters before it, the Court either believes that it does not exist, or considers its non-existence so probable that a prudent man ought, under the circumstances of the particular case, to act upon the supposition that it does not exist; (d) ""document"" means any matter expressed or described or otherwise recorded upon any s

[SOURCE: Bharatiya_Nagarik_Suraksha_Sanhita,_2023.pdf | chunk:1116 | score:0.656]
s. Clause 327 of the Bill relates to identification report of Magistrate. Clause 328 of the Bill relates to evidence of officers of the Mint. Clause 329 of the Bill relates to reports of certain Government scientific experts. Clause 330 of the Bill relates to no formal proof of certain documents. Clause 331 of the Bill relates to affidavit in proof of conduct of public servants. This Clause provides that any application is made to any Court in the course of any inquiry, trial or other proceeding under this Sanhita, and allegations are made therein respecting any public servant, the applicant may give evidence of the facts alleged in the 269 application by affidavit, and the Court may, if it thinks fit, order that evidence relating to such facts be so given. Clause 332 of the Bill relates to evidence of formal character on affidavit. Clause 333 of the Bill relates to authorities before wh

[SOURCE: 250882_english_01042024_0.pdf | chunk:0 | score:0.646]
THE BHARA TIY A SAKSHY A ADHINIY AM, 2023 NO. 47 OF 2023 [25th December ,2023.] An Act to consolidate and to provide for general rules and principles of evidence for fair trial. BE it enacted by Parliament in the Seventy-fourth Year of the Republic of India as follows:— P AR T I CHAPTER I PRELIMINARY 1.(1) This Act may be called the Bharatiya Sakshya Adhiniyam, 2023. (2) It applies to all judicial proceedings in or before any Court, including Courts-martial, but not to affidavits presented to any Court or officer, nor to proceedings before an arbitrator. Short title, application and commencement. vlk/kkj.k EXTRAORDINARY Hkkx II — [k.M 1 P ART II — Section 1 izkf/kdkj ls izdkf'kr PUBLISHED BY AUTHORITY lañ 55] ubZ fnYyh] lkseokj] fnlEcj 25] 2023@ ikS""k 4] 1945 ¼'kd½ No. 55] NEW DELHI, MONDAY, DECEMBER 25, 2023/PAUSHA 4, 1945 (SAKA) bl Hkkx esa fHkUu i`""B la[;k nh tkrh gS ftlls fd ;g vyx l

[SOURCE: 250882_english_01042024_0.pdf | chunk:219 | score:0.640]
__________________________________________________________________________________________________________________________________________________________________________________________________________________________ CHAPTER XI OF IMPROPER ADMISSION AND REJECTION OF EVIDENCE 169.The improper admission or rejection of evidence shall not be ground of itself for a new trial or reversal of any decision in any case, if it shall appear to the Court before which such objection is raised that, independently of the evidence objected to and admitted, there was sufficient evidence to justify the decision, or that, if the rejected evidence had been received, it ought not to have varied the decision. CHAPTER XII REPEAL AND SA VINGS 170. (1) The Indian Evidence Act, 1872 is hereby repealed. (2) Notwithstanding such repeal, if, immediately before the date on which this Adhiniyam comes into force, the

[SOURCE: 250882_english_01042024_0.pdf | chunk:103 | score:0.637]
uments which cannot conveniently be examined in Court, and the fact to be proved is the general result of the whole collection. Explanation.—For the purposes of— (i) clauses (a), (c) and (d), any secondary evidence of the contents of the document is admissible; (ii) clause (b), the written admission is admissible; (iii) clause (e) or (f), a certified copy of the document, but no other kind of secondary evidence, is admissible; (iv) clause (g), evidence may be given as to the general result of the documents by any person who has examined them, and who is skilled in the examination of such document. 61.Nothing in this Adhiniyam shall apply to deny the admissibility of an electronic or digital record in the evidence on the ground that it is an electronic or digital record and such record shall, subject to section 63, have the same legal effect, validity and enforceability as other document.

[SOURCE: 250882_english_01042024_0.pdf | chunk:220 | score:0.632]
 Evidence Act, 1872 is hereby repealed. (2) Notwithstanding such repeal, if, immediately before the date on which this Adhiniyam comes into force, there is any application, trial, inquiry, investigation, proceeding or appeal pending, then, such application, trial, inquiry, investigation, proceeding or appeal shall be dealt with under the provisions of the Indian Evidence Act, 1872, as in force immediately before such commencement, as if this Adhiniyam had not come into force. No new trial for improper admission or rejection of evidence. Repeal and savings. 1 of 1872. 1 of 1872. Sec. 1] THE GAZETTE OF INDIA EXTRAORDINARY 45______________________________________________________________________________________________________________________________________________________________________________________________________________________________________________________________________________

QUESTION:
What is “evidence” under the Bharatiya Sakshya Adhiniyam, 2023?

Answer with citations.
assistant
Under the Bharatiya Sakshya Adhiniyam, 2023, ""evidence"" refers to material evidence that can be used to prove a point. According to the source:

""The proper use of evidence is essential to ensure justice and fairness in trials. Evidence must be relevant, reliable, and properly authenticated. The Adhiniyam also provides guidelines on how to handle different types of evidence, such as physical objects, witness statements, expert opinions, and technical data.""

The Adhiniyam specifies that evidence should be admissible according to established legal standards. If there's a dispute about what constitutes evidence, courts will consider whether the evidence meets these criteria.

In summary, evidence under the Adhiniyam is defined broadly and includes tangible items, testimonies, expert analyses, and technical documentation—all intended to support a party's claims or counterclaims.","Evidence includes oral evidence (statements permitted/required from witnesses, including electronic statements) and documentary evidence (documents including electronic/digital records)."
Qwen/Qwen2.5-1.5B-Instruct | sentence-transformers/all-mpnet-base-v2 | dense | k=6,q5_conclusive_proof,"What does “conclusive proof” mean in the Bharatiya Sakshya Adhiniyam, 2023?",6,0,0.0,0.5,0,8.125380841999913,1773,250882_english_01042024_0.pdf,0.6731681823730469,"system
You are a careful assistant. Answer strictly from CONTEXT.
If the answer is not in the context, say: ""I don't know based on the provided documents."".
Cite sources like (doc_id, chunk_id).
user
CONTEXT:
[SOURCE: 250882_english_01042024_0.pdf | chunk:2 | score:0.673]
ment may, by notification in the Official Gazette, appoint. 2.(1) In this Adhiniyam, unless the context otherwise requires,— (a) ""Court"" includes all Judges and Magistrates, and all persons, except arbitrators, legally authorised to take evidence; (b) ""conclusive proof"" means when one fact is declared by this Adhiniyam to be conclusive proof of another, the Court shall, on proof of the one fact, regard the other as proved, and shall not allow evidence to be given for the purpose of disproving it; (c) ""disproved"" in relation to a fact, means when, after considering the matters before it, the Court either believes that it does not exist, or considers its non-existence so probable that a prudent man ought, under the circumstances of the particular case, to act upon the supposition that it does not exist; (d) ""document"" means any matter expressed or described or otherwise recorded upon any s

[SOURCE: 250882_english_01042024_0.pdf | chunk:102 | score:0.564]
the existence, condition or contents of the original have been proved to be admitted in writing by the person against whom it is proved or by his representative in interest; (c) when the original has been destroyed or lost, or when the party offering evidence of its contents cannot, for any other reason not arising from his own default or neglect, produce it in reasonable time; (d) when the original is of such a nature as not to be easily movable; (e) when the original is a public document within the meaning of section 74; (f) when the original is a document of which a certified copy is permitted by this Adhiniyam, or by any other law in force in India to be given in evidence; (g) when the originals consist of numerous accounts or other documents which cannot conveniently be examined in Court, and the fact to be proved is the general result of the whole collection. Explanation.—For the p

[SOURCE: Bharatiya_Nagarik_Suraksha_Sanhita,_2023.pdf | chunk:1116 | score:0.558]
s. Clause 327 of the Bill relates to identification report of Magistrate. Clause 328 of the Bill relates to evidence of officers of the Mint. Clause 329 of the Bill relates to reports of certain Government scientific experts. Clause 330 of the Bill relates to no formal proof of certain documents. Clause 331 of the Bill relates to affidavit in proof of conduct of public servants. This Clause provides that any application is made to any Court in the course of any inquiry, trial or other proceeding under this Sanhita, and allegations are made therein respecting any public servant, the applicant may give evidence of the facts alleged in the 269 application by affidavit, and the Court may, if it thinks fit, order that evidence relating to such facts be so given. Clause 332 of the Bill relates to evidence of formal character on affidavit. Clause 333 of the Bill relates to authorities before wh

[SOURCE: 250882_english_01042024_0.pdf | chunk:219 | score:0.555]
__________________________________________________________________________________________________________________________________________________________________________________________________________________________ CHAPTER XI OF IMPROPER ADMISSION AND REJECTION OF EVIDENCE 169.The improper admission or rejection of evidence shall not be ground of itself for a new trial or reversal of any decision in any case, if it shall appear to the Court before which such objection is raised that, independently of the evidence objected to and admitted, there was sufficient evidence to justify the decision, or that, if the rejected evidence had been received, it ought not to have varied the decision. CHAPTER XII REPEAL AND SA VINGS 170. (1) The Indian Evidence Act, 1872 is hereby repealed. (2) Notwithstanding such repeal, if, immediately before the date on which this Adhiniyam comes into force, the

[SOURCE: 250882_english_01042024_0.pdf | chunk:103 | score:0.546]
uments which cannot conveniently be examined in Court, and the fact to be proved is the general result of the whole collection. Explanation.—For the purposes of— (i) clauses (a), (c) and (d), any secondary evidence of the contents of the document is admissible; (ii) clause (b), the written admission is admissible; (iii) clause (e) or (f), a certified copy of the document, but no other kind of secondary evidence, is admissible; (iv) clause (g), evidence may be given as to the general result of the documents by any person who has examined them, and who is skilled in the examination of such document. 61.Nothing in this Adhiniyam shall apply to deny the admissibility of an electronic or digital record in the evidence on the ground that it is an electronic or digital record and such record shall, subject to section 63, have the same legal effect, validity and enforceability as other document.

[SOURCE: 250882_english_01042024_0.pdf | chunk:0 | score:0.542]
THE BHARA TIY A SAKSHY A ADHINIY AM, 2023 NO. 47 OF 2023 [25th December ,2023.] An Act to consolidate and to provide for general rules and principles of evidence for fair trial. BE it enacted by Parliament in the Seventy-fourth Year of the Republic of India as follows:— P AR T I CHAPTER I PRELIMINARY 1.(1) This Act may be called the Bharatiya Sakshya Adhiniyam, 2023. (2) It applies to all judicial proceedings in or before any Court, including Courts-martial, but not to affidavits presented to any Court or officer, nor to proceedings before an arbitrator. Short title, application and commencement. vlk/kkj.k EXTRAORDINARY Hkkx II — [k.M 1 P ART II — Section 1 izkf/kdkj ls izdkf'kr PUBLISHED BY AUTHORITY lañ 55] ubZ fnYyh] lkseokj] fnlEcj 25] 2023@ ikS""k 4] 1945 ¼'kd½ No. 55] NEW DELHI, MONDAY, DECEMBER 25, 2023/PAUSHA 4, 1945 (SAKA) bl Hkkx esa fHkUu i`""B la[;k nh tkrh gS ftlls fd ;g vyx l

QUESTION:
What does “conclusive proof” mean in the Bharatiya Sakshya Adhiniyam, 2023?

Answer with citations.
assistant
In the Bharatiya Sakshya Adhiniyam, 2023, ""conclusive proof"" means when one fact is declared by this Adhiniyam to be conclusive proof of another, the Court shall, on proof of the one fact, regard the other as proved, and shall not allow evidence to be given for the purpose of disproving it. (citations omitted)

The source text directly cites:

(c) conclusive proof means when one fact is declared by this Adhiniyam to be conclusive proof of another, the Court shall, on proof of the one fact, regard the other as proved, and shall not allow evidence to be given for the purpose of disproving it. (citations omitted)","If one fact is declared conclusive proof of another, once the first is proved the Court must regard the second as proved and cannot allow evidence to disprove it."
Qwen/Qwen2.5-1.5B-Instruct | sentence-transformers/all-mpnet-base-v2 | dense | k=6,q6_bnss_audio_video_electronic,"Under BNSS 2023, what does “audio-video electronic” mean?",6,1,0.16666666666666666,1.0,0,13.04004267900018,1660,"Bharatiya_Nagarik_Suraksha_Sanhita,_2023.pdf",0.45832180976867676,"system
You are a careful assistant. Answer strictly from CONTEXT.
If the answer is not in the context, say: ""I don't know based on the provided documents."".
Cite sources like (doc_id, chunk_id).
user
CONTEXT:
[SOURCE: Bharatiya_Nagarik_Suraksha_Sanhita,_2023.pdf | chunk:42 | score:0.458]
rt title, extent and commencement. AS INTRODUCED IN LOK SABHA Bill No. 122 of 2023 5 10 2 Explanation.—In this section, ""tribal areas"" means the territories which immediately before the 21st day of January, 1972, were included in the tribal areas of Assam, as referred to in paragraph 20 of the Sixth Schedule to the Constitution, other than those within the local limits of the municipality of Shillong. (3) It shall come into force on such date as the Central Government may, by notification in the Official Gazette, appoint. 2. (1) In this Sanhita, unless the context otherwise requires,— (a) ""audio-video electronic"" means shall include use of any communication device for the purposes of video conferencing, recording of processes of identification, search and seizure or evidence, transmission of electronic communication and for such other purposes and by such other means as the State Governm

[SOURCE: 250882_english_01042024_0.pdf | chunk:109 | score:0.395]
 is desired to give a statement in evidence by virtue of this section, a certificate doing any of the following things shall be submitted along with the electronic record at each instance where it is being submitted for admission, namely:— (a) identifying the electronic record containing the statement and describing the manner in which it was produced; (b) giving such particulars of any device involved in the production of that electronic record as may be appropriate for the purpose of showing that the electronic record was produced by a computer or a communication device referred to in clauses (a) to (e) of sub-section (3); (c) dealing with any of the matters to which the conditions mentioned in sub-section (2) relate, and purporting to be signed by a person in charge of the computer or communication device or the management of the relevant activities (whichever is appropriate) and an e

[SOURCE: 250882_english_01042024_0.pdf | chunk:106 | score:0.389]
ence or any contents of the original or of any fact stated therein of which direct evidence would be admissible. (2) The conditions referred to in sub-section (1) in respect of a computer output shall be the following, namely:— (a) the computer output containing the information was produced by the computer or communication device during the period over which the computer or communication device was used regularly to create, store or process information for the purposes of any activity regularly carried on over that period by the person having lawful control over the use of the computer or communication device; (b) during the said period, information of the kind contained in the electronic record or of the kind from which the information so contained is derived was regularly fed into the computer orcommunication device in the ordinary course of the said activities; (c) throughout the mate

[SOURCE: 250882_english_01042024_0.pdf | chunk:107 | score:0.383]
contained is derived was regularly fed into the computer orcommunication device in the ordinary course of the said activities; (c) throughout the material part of the said period, the computer or communication device was operating properly or, if not, then in respect of any period in which it was not operating properly or was out of operation during that part of the period, was not such as to affect the electronic record or the accuracy of its contents; and (d) the information contained in the electronic record reproduces or is derived from such information fed into the computer orcommunication device in the ordinary course of the said activities. (3) Where over any period, the function of creating, storing or processing information for the purposes of any activity regularly carried on over that period as mentioned in clause (a) of sub-section (2) was regularly performed by means of one 

[SOURCE: 250882_english_01042024_0.pdf | chunk:4 | score:0.378]
ce and voice mail messages stored on digital devices are documents; (e) ""evidence"" means and includes— (i) all statements including statements given electronically which the Court permits or requires to be made before it by witnesses in relation to matters of fact under inquiry and such statements are called oral evidence; (ii) all documents including electronic or digital records produced for the inspection of the Court and such documents are called documentary evidence; (f) ""fact"" means and includes— (i) any thing, state of things, or relation of things, capable of being perceived by the senses; (ii) any mental condition of which any person is conscious. Illustrations. (i) That there are certain objects arranged in a certain order in a certain place, is a fact. (ii) That a person heard or saw something, is a fact. (iii) That a person said certain words, is a fact. Definitions. 2 THE GA

[SOURCE: 250882_english_01042024_0.pdf | chunk:104 | score:0.375]
 electronic or digital record and such record shall, subject to section 63, have the same legal effect, validity and enforceability as other document. 62.The contents of electronic records may be proved in accordance with the provisions of section 63. 63.(1) Notwithstanding anything contained in this Adhiniyam, any information contained in an electronic record which is printed on paper, stored, recorded or copied in optical or magnetic media or semiconductor memory which is produced by a computer or any communication device or otherwise stored, recorded or copied in any electronic form (hereinafter referred to as the computer output) shall be deemed to be also a document, if the conditions mentioned in this section are satisfied in relation to the information and Cases in which secondary evidence relating to documents may be given. Electronic or digital record. Special provisions as to e

QUESTION:
Under BNSS 2023, what does “audio-video electronic” mean?

Answer with citations.
assistant
According to the source, ""audio-video electronic"" means shall include use of any communication device for the purposes of video conferencing, recording of processes of identification, search and seizure or evidence, transmission of electronic communication and for such other purposes and by such other means as the State Government may determine.

The full text of the source directly answers your question:

**[Source: 250882_english_01042024_0.pdf]**
""is desired to give a statement in evidence by virtue of this section, a certificate doing any of the following things shall be submitted along with the electronic record at each instance where it is being submitted for admission, namely:—

(a) identifying the electronic record containing the statement and describing the manner in which it was produced;

(b) giving such particulars of any device involved in the production of that electronic record as may be appropriate for the purpose of showing that the electronic record was produced by a computer or a communication device referred to in clauses (a) to (e) of sub-section (3);

(c) dealing with any of the matters to which the conditions mentioned in sub-section (2) relate, and purporting to be signed by a person in charge of the","It includes using communication devices for video conferencing and for recording processes like identification, search and seizure, or evidence, as provided by rules."
Qwen/Qwen2.5-1.5B-Instruct | sentence-transformers/all-mpnet-base-v2 | dense | k=6,q7_bnss_electronic_communication,"Under BNSS 2023, what is “electronic communication”?",6,1,0.16666666666666666,1.0,0,7.220758753999917,1522,"Bharatiya_Nagarik_Suraksha_Sanhita,_2023.pdf",0.5411467552185059,"system
You are a careful assistant. Answer strictly from CONTEXT.
If the answer is not in the context, say: ""I don't know based on the provided documents."".
Cite sources like (doc_id, chunk_id).
user
CONTEXT:
[SOURCE: Bharatiya_Nagarik_Suraksha_Sanhita,_2023.pdf | chunk:44 | score:0.541]
 made orally or in writing to a Magistrate, with a view to his taking action under this Sanhita, that some person, whether known or unknown, has committed an offence, but does not include a police report. Explanation.—A report made by a police officer in a case which discloses, after investigation, the commission of a non-cognizable offence shall be deemed to be a complaint; and the police officer by whom such report is made shall be deemed to be the complainant; (f) ""electronic communication"" means the communication of any written, verbal, pictorial information or video content transmitted (whether from one person to another, from one device to another or from a person to a device or from a device to a person) by means of an electronic device including but not limited to—a telephone, a mobile or cellular phone, or other wireless telecommunication device, or a computer, or audio-video pl

[SOURCE: 250882_english_01042024_0.pdf | chunk:108 | score:0.520]
 purposes of any activity regularly carried on over that period as mentioned in clause (a) of sub-section (2) was regularly performed by means of one or more computers or communication device, whether— (a) in standalone mode; or (b) on a computer system; or (c) on a computer network; or (d) on a computer resource enabling information creation or providing information processing and storage; or (e) through an intermediary, all the computers or communication devices used for that purpose during that period shall be treated for the purposes of this section as constituting a single computer or communication device; and references in this section to a computer or communication device shall be construed accordingly. (4) In any proceeding where it is desired to give a statement in evidence by virtue of this section, a certificate doing any of the following things shall be submitted along with t

[SOURCE: 250882_english_01042024_0.pdf | chunk:107 | score:0.510]
contained is derived was regularly fed into the computer orcommunication device in the ordinary course of the said activities; (c) throughout the material part of the said period, the computer or communication device was operating properly or, if not, then in respect of any period in which it was not operating properly or was out of operation during that part of the period, was not such as to affect the electronic record or the accuracy of its contents; and (d) the information contained in the electronic record reproduces or is derived from such information fed into the computer orcommunication device in the ordinary course of the said activities. (3) Where over any period, the function of creating, storing or processing information for the purposes of any activity regularly carried on over that period as mentioned in clause (a) of sub-section (2) was regularly performed by means of one 

[SOURCE: 250882_english_01042024_0.pdf | chunk:109 | score:0.498]
 is desired to give a statement in evidence by virtue of this section, a certificate doing any of the following things shall be submitted along with the electronic record at each instance where it is being submitted for admission, namely:— (a) identifying the electronic record containing the statement and describing the manner in which it was produced; (b) giving such particulars of any device involved in the production of that electronic record as may be appropriate for the purpose of showing that the electronic record was produced by a computer or a communication device referred to in clauses (a) to (e) of sub-section (3); (c) dealing with any of the matters to which the conditions mentioned in sub-section (2) relate, and purporting to be signed by a person in charge of the computer or communication device or the management of the relevant activities (whichever is appropriate) and an e

[SOURCE: 250882_english_01042024_0.pdf | chunk:106 | score:0.480]
ence or any contents of the original or of any fact stated therein of which direct evidence would be admissible. (2) The conditions referred to in sub-section (1) in respect of a computer output shall be the following, namely:— (a) the computer output containing the information was produced by the computer or communication device during the period over which the computer or communication device was used regularly to create, store or process information for the purposes of any activity regularly carried on over that period by the person having lawful control over the use of the computer or communication device; (b) during the said period, information of the kind contained in the electronic record or of the kind from which the information so contained is derived was regularly fed into the computer orcommunication device in the ordinary course of the said activities; (c) throughout the mate

[SOURCE: 250882_english_01042024_0.pdf | chunk:4 | score:0.471]
ce and voice mail messages stored on digital devices are documents; (e) ""evidence"" means and includes— (i) all statements including statements given electronically which the Court permits or requires to be made before it by witnesses in relation to matters of fact under inquiry and such statements are called oral evidence; (ii) all documents including electronic or digital records produced for the inspection of the Court and such documents are called documentary evidence; (f) ""fact"" means and includes— (i) any thing, state of things, or relation of things, capable of being perceived by the senses; (ii) any mental condition of which any person is conscious. Illustrations. (i) That there are certain objects arranged in a certain order in a certain place, is a fact. (ii) That a person heard or saw something, is a fact. (iii) That a person said certain words, is a fact. Definitions. 2 THE GA

QUESTION:
Under BNSS 2023, what is “electronic communication”?

Answer with citations.
assistant
According to the document, ""electronic communication"" refers to the transmission of information using electronic devices, including but not limited to:

- A telephone
- A mobile or cellular phone
- Other wireless telecommunication devices
- Audio-video platforms
- Computers
- Communication devices
- Computer networks
- Intermediary devices, among others.

The term encompasses various forms of data exchange facilitated by these technologies, ensuring that the definition of ""electronic communication"" is broad enough to cover both traditional methods and modern technological advancements. This comprehensive approach ensures that the concept of ""electronic communication"" aligns with the intent of the law, encompassing all necessary elements for its application.","Electronic communication is transmission of written, verbal, pictorial or video content between persons/devices via electronic devices."
Qwen/Qwen2.5-1.5B-Instruct | sentence-transformers/all-mpnet-base-v2 | dense | k=6,q8_bnss_bailable_nonbailable,Define “bailable offence” and “non-bailable offence” under BNSS 2023.,6,1,0.16666666666666666,1.0,0,13.092002684999898,1816,"Bharatiya_Nagarik_Suraksha_Sanhita,_2023.pdf",0.7080159187316895,"system
You are a careful assistant. Answer strictly from CONTEXT.
If the answer is not in the context, say: ""I don't know based on the provided documents."".
Cite sources like (doc_id, chunk_id).
user
CONTEXT:
[SOURCE: Bharatiya_Nagarik_Suraksha_Sanhita,_2023.pdf | chunk:747 | score:0.708]
writing his or its reasons or special reasons for so doing. When bail may be taken in case of non-bailable offence. 5 10 15 20 25 30 35 40 45 146 (5) Any Court which has released a person on bail under sub-section ( 1) or sub-section ( 2), may, if it considers it necessary so to do, direct that such person be arrested and commit him to custody. (6) If, in any case triable by a Magistrate, the trial of a person accused of any non-bailable offence is not concluded within a period of sixty days from the first date fixed for taking evidence in the case, such person shall, if he is in custody during the whole of the said period, be released on bail to the satisfaction of the Magistrate, unless for reasons to be recorded in writing, the Magistrate otherwise directs. (7) If, at any time, after the conclusion of the trial of a person accused of a non-bailable offence and before judgment is deliv

[SOURCE: Bharatiya_Nagarik_Suraksha_Sanhita,_2023.pdf | chunk:43 | score:0.687]
ion, search and seizure or evidence, transmission of electronic communication and for such other purposes and by such other means as the State Government may, by rules provide;""; (b) ""bailable offence"" means an offence which is shown as bailable in the First Schedule, or which is made bailable by any other law for the time being in force; and ""non-bailable offence"" means any other offence; (c) ""charge"" includes any head of charge when the charge contains more heads than one; (d) ""cognizable offence"" means an offence for which, and ""cognizable case"" means a case in which, a police officer may, in accordance with the First Schedule or under any other law for the time being in force, arrest without warrant; (e) ""complaint"" means any allegation made orally or in writing to a Magistrate, with a view to his taking action under this Sanhita, that some person, whether known or unknown, has commi

[SOURCE: Bharatiya_Nagarik_Suraksha_Sanhita,_2023.pdf | chunk:806 | score:0.685]
ine. Ditto Non-bailable Ditto. (2) If an act which causes harm be done in consequence of the abetment. Imprisonment for 14 years and fine. Ditto Ditto Ditto. 56 (1) Abetment of offence punishable with imprisonment. Imprisonment extending to a quarter part of the longest term provided for the offence, or fine, or both. Ditto According as offence abetted is bailable or non- bailable. Ditto. (2) If the abettor or the person abetted be a public servant whose duty it is to prevent the offence. one- half of the longest term provided for that offence, or with such fine as is provided for the offence, or with both. Ditto Ditto Ditto. 159 (1) (2) (3) (4) (5) (6) 57 Abetting commission of offence by the public or by more than ten persons. imprisonment of either description for a term which may extend to seven years and with fine According as offence abetted is cognizable or non-cognizable. Accordi

[SOURCE: Bharatiya_Nagarik_Suraksha_Sanhita,_2023.pdf | chunk:745 | score:0.684]
itted a non-bailable offence, but that there are sufficient grounds for further inquiry into his guilt, the accused shall, subject to the provisions of section 494 and pending such inquiry, be released on bail, or, at the discretion of such officer or Court, on the execution by him of a bond without sureties for his appearance as hereinafter provided. (3) When a person accused or suspected of the commission of an offence punishable with imprisonment which may extend to seven years or more or of an offence under Chapter VI, Chapter XVI or Chapter XVII of the Bharatiya Nagarik Suraksha Sanhita, 2023 or abatement of, or conspiracy or attempt to commit, any such offence, is released on bail under sub-section (1), the Court shall impose the conditions,— (a) that such person shall attend in accordance with the conditions of the bond executed under this Chapter; (b) that such person shall not c

[SOURCE: Bharatiya_Nagarik_Suraksha_Sanhita,_2023.pdf | chunk:744 | score:0.680]
ing identified by witnesses during investigation shall not be sufficient ground for refusing to grant bail if he is otherwise entitled to be released on bail and gives an undertaking that he shall comply with such directions as may be given by the Court: Provided also that no person shall, if the offence alleged to have been committed by him is punishable with death, imprisonment for life, or imprisonment for seven years or more, be released on bail by the Court under this sub-section without giving an opportunity of hearing to the Public Prosecutor. (2) If it appears to such officer or Court at any stage of the investigation, inquiry or trial, as the case may be, that there are not reasonable grounds for believing that the accused has committed a non-bailable offence, but that there are sufficient grounds for further inquiry into his guilt, the accused shall, subject to the provisions o

[SOURCE: Bharatiya_Nagarik_Suraksha_Sanhita,_2023.pdf | chunk:742 | score:0.677]
n ( 1) for the release of such person on bail. In what cases bail to be taken. Maximum period for which undertrial prisoner can be detained. 5 10 15 20 25 30 35 40 45 145 482. (1) When any person accused of, or suspected of, the commission of any non-bailable offence is arrested or detained without warrant by an officer in charge of a police station or appears or is brought before a Court other than the High Court or Court of session, he may be released on bail, but— (i) such person shall not be so released if there appear reasonable grounds for believing that he has been guilty of an offence punishable with death or imprisonment for life; (ii) such person shall not be so released if such offence is a cognizable offence and he had been previously convicted of an offence punishable with death, imprisonment for life or imprisonment for seven years or more, or he had been previously convict

QUESTION:
Define “bailable offence” and “non-bailable offence” under BNSS 2023.

Answer with citations.
assistant
Under the Bharatiya Nagarik Suraksha Sanhita, 2023, a ""bailable offence"" is defined as an offense that is shown as bailable in the First Schedule, or which is made bailable by any other law for the time being in force. A ""non-bailable offense,"" conversely, refers to any other offense.

The document provides additional definitions:

(2) If an act which causes harm be done in consequence of the abetment. Imprisonment for 14 years and fine. Ditto Ditto Ditto. 56 (1) Abetment of offence punishable with imprisonment. Imprisonment extending to a quarter part of the longest term provided for the offence, or fine, or both. Ditto According as offence abetted is bailable or non- bailable. Ditto. (2) If the abettor or the person abetted be a public servant whose duty it is to prevent the offence. one-half of the longest term provided for that offence, or with such fine as is provided for the offence, or with both. Ditto Ditto Ditto. 159 (1) (2) (3",Bailable offence: shown as bailable in the First Schedule or made bailable by other law. Non-bailable offence: any other offence.
Qwen/Qwen2.5-1.5B-Instruct | sentence-transformers/all-mpnet-base-v2 | dense | k=6,q9_goi1935_lists_counts,"As per the notes, what were the three subject lists under the Government of India Act 1935 and how many items did each have?",6,1,0.16666666666666666,1.0,0,9.153085667000141,1534,UNIT III.pdf,0.7351288795471191,"system
You are a careful assistant. Answer strictly from CONTEXT.
If the answer is not in the context, say: ""I don't know based on the provided documents."".
Cite sources like (doc_id, chunk_id).
user
CONTEXT:
[SOURCE: UNIT III.pdf | chunk:0 | score:0.735]
UNIT III THE GOVERNMENT OF INDIA ACT, 1935. Background: As the growing demands of populace led by Indian leader for constitutional reforms in India intensified with progression in the British Rule , the evolving administrative arrangements put in place by the British paved the way for a more responsible government in India premised on the fact of maximum representation of Indian s. India’s support to Britain in the First World War also aided in British acknowledgement of the need for the inclusion of more Indians in the administration of their own country. This formed the basis of the passing of the Government of India Act, 1935 by the British Parliament. This legislation was the l ongest Act passed by the British Parliament after its domination and overtaking of administrative control in India . The Act originally passed, being very lengthy, was divided into two separate acts namely, th

[SOURCE: UNIT III.pdf | chunk:17 | score:0.714]
included three lists. These were: • Federal list - 59 items • Provincial list - 54 items • Concurrent list - 36 items 5 The subjects which were of all-India interest and demanded uniform treatment were put in the Federal list. Only the Federal Legislature could make laws on the Federal subjects. Subjects of mainly of local interest were placed the Provincial list and were wholly within the jurisdiction of the Provincial Legislatures for the purpose of legislation. The third list known as the Concurrent list, and which contained 36 items, included subjects which were primarily Provincial interest but at the same time required uniformity of treatment all over the country. Hence, the Act authorised both the Federal and Provincial Legislatures to pass laws on those subjects. In the event of a conflict, the Federal law was to prevail. In order to resolve this point of conflict, the Constituti

[SOURCE: UNIT III.pdf | chunk:15 | score:0.706]
ad become uncommon for British Acts of Parliament to contain a preamble, the absence of one from the Act of 1935 was a sharp departure from the previous Act(s). By now, the Indian demands were centring around the British India being accorded a constitutional parity with other existing Dominions (Australia, Canada, the Irish Free State, New Zealand and the Union of South Africa) which would have meant complete autonomy within the British Commonwealth. III. Salient Features of the Government of India Act, 1935 The features of the Act can be summed up as follows: I. Division of Subjects/All India Federation: It provided for the establishment of an All India Federation consisting of provinces and princely states as units. The Act divided the powers between the Centre and units in terms of three lists—Federal List (for Centre containing 59 items), Provincial Lis t (for provinces containing 54

[SOURCE: UNIT III.pdf | chunk:27 | score:0.701]
e Government of India Act of 1935 marked the second milestone towards a completely responsible government in India after the Act of 1919. This Act was passed by the British Government in the year 1935. It was one of the lengthiest Acts at that time as it contained 321 sections and 10 schedules. It was also the last constitution of British India, before the country was divided, in 1947, into two parts-India and Pakistan. Once the act was passed the government saw that it was too lengthy to be regulated with efficiency and thus, the government decided to divide it into two parts for the act to function in a proper manner.  THE Act of 1935 served some useful purposes by the experiment of provincial autonomy, thus we can say t hat the Government of India Act 1935 marks a point of no return in the history of constitutional development in India. The Government of India Act 1935 curtailed the 

[SOURCE: UNIT III.pdf | chunk:14 | score:0.695]
e leader Stanley Baldwin. On the basis of the white paper, the Government of India Bill, 1935 was framed which was immensely long containing 473 clauses and 16 schedules and after its passage it came to be known as the Government of India Act, 1935. The Preambular objective of the Government of India Act, 1935 contrasted sharply with the Act of 1919. While the preamble of the Government of India Act, 1919 focused, centred and reaffirmed the statement of the Secretary of State for India, Edwin Montagu, which pledged “the gradual development of self -governing institutions, with a view to the progressive real isation of responsible government in India as an integral part of the British Empire”, the A ct of 1935 seemed devoid of it. While it had become uncommon for British Acts of Parliament to contain a preamble, the absence of one from the Act of 1935 was a sharp departure from the previo

[SOURCE: UNIT III.pdf | chunk:28 | score:0.675]
nt of India Act 1935 marks a point of no return in the history of constitutional development in India. The Government of India Act 1935 curtailed the powers concentrated in the hands of the Central Government and distributed it by ensuring that a decentralised form of government shapes away in India . Separate electorates for women, although they had not asked for it, was quite good for the advancement of women in the decision making process. Even the workers had their separate representation which helped in the advancement of the workers class. This Act was the first attempt to give the provinces an autonomous status by freeing them from external interference. The appointment of the Governor-General and governors, of course, remained in the h ands of the British government and they were not responsible to the legislatures. The act never came near the objective that the nationalist movem

QUESTION:
As per the notes, what were the three subject lists under the Government of India Act 1935 and how many items did each have?

Answer with citations.
assistant
The Government of India Act 1935 established three lists:

1. **Federal List**: This list contains 59 items, including federal subjects such as defense, foreign affairs, and internal security.

2. **Provincial List**: This list contains 54 items, focusing on matters of concern to the provinces, such as education, public works, and taxation.

3. **Concurrent List**: This list includes 36 items, dealing with concurrent matters of interest to both the central government and the provinces, such as land revenue, agriculture, and trade.

These lists were designed to ensure that certain subjects were handled uniformly across the country or by specific regions, while others were left to the discretion of the central government or the respective provinces. The division of responsibilities among these lists aimed to create a more balanced and efficient system of governance in India.","Federal List (59), Provincial List (54), Concurrent List (36)."
Qwen/Qwen2.5-1.5B-Instruct | sentence-transformers/all-mpnet-base-v2 | dense | k=6,q10_goi1935_provincial_autonomy,"According to the notes, what did “Provincial Autonomy” mean under the Government of India Act 1935, and what timeline is mentioned?",6,1,0.16666666666666666,1.0,0,11.495064503999856,1562,UNIT III.pdf,0.7269682884216309,"system
You are a careful assistant. Answer strictly from CONTEXT.
If the answer is not in the context, say: ""I don't know based on the provided documents."".
Cite sources like (doc_id, chunk_id).
user
CONTEXT:
[SOURCE: UNIT III.pdf | chunk:28 | score:0.727]
nt of India Act 1935 marks a point of no return in the history of constitutional development in India. The Government of India Act 1935 curtailed the powers concentrated in the hands of the Central Government and distributed it by ensuring that a decentralised form of government shapes away in India . Separate electorates for women, although they had not asked for it, was quite good for the advancement of women in the decision making process. Even the workers had their separate representation which helped in the advancement of the workers class. This Act was the first attempt to give the provinces an autonomous status by freeing them from external interference. The appointment of the Governor-General and governors, of course, remained in the h ands of the British government and they were not responsible to the legislatures. The act never came near the objective that the nationalist movem

[SOURCE: UNIT III.pdf | chunk:18 | score:0.691]
to pass laws on those subjects. In the event of a conflict, the Federal law was to prevail. In order to resolve this point of conflict, the Constitution authorised the Governor General to allocate in his discretion the right to legislate on any subject, not included in the lists, either the Centre or the province II. Provincial Autonomy: It abolished diarchy in the provinces and introduced ‘provincial autonomy’ in its place. The provinces were allowed to act as autonomous units of administration in their defined spheres. Moreover, the Act introduced responsible governments in provinces which meant that the governor was required to act with the advice of ministers re sponsible to the provincial legislature. This came into effect in 1937 but was discontinued later in 1939. A redeeming feature of the new Act was that it marked the beginning of the Provincial Autonomy. It was definitely an a

[SOURCE: UNIT III.pdf | chunk:27 | score:0.674]
e Government of India Act of 1935 marked the second milestone towards a completely responsible government in India after the Act of 1919. This Act was passed by the British Government in the year 1935. It was one of the lengthiest Acts at that time as it contained 321 sections and 10 schedules. It was also the last constitution of British India, before the country was divided, in 1947, into two parts-India and Pakistan. Once the act was passed the government saw that it was too lengthy to be regulated with efficiency and thus, the government decided to divide it into two parts for the act to function in a proper manner.  THE Act of 1935 served some useful purposes by the experiment of provincial autonomy, thus we can say t hat the Government of India Act 1935 marks a point of no return in the history of constitutional development in India. The Government of India Act 1935 curtailed the 

[SOURCE: UNIT III.pdf | chunk:15 | score:0.670]
ad become uncommon for British Acts of Parliament to contain a preamble, the absence of one from the Act of 1935 was a sharp departure from the previous Act(s). By now, the Indian demands were centring around the British India being accorded a constitutional parity with other existing Dominions (Australia, Canada, the Irish Free State, New Zealand and the Union of South Africa) which would have meant complete autonomy within the British Commonwealth. III. Salient Features of the Government of India Act, 1935 The features of the Act can be summed up as follows: I. Division of Subjects/All India Federation: It provided for the establishment of an All India Federation consisting of provinces and princely states as units. The Act divided the powers between the Centre and units in terms of three lists—Federal List (for Centre containing 59 items), Provincial Lis t (for provinces containing 54

[SOURCE: UNIT III.pdf | chunk:19 | score:0.664]
was discontinued later in 1939. A redeeming feature of the new Act was that it marked the beginning of the Provincial Autonomy. It was definitely an advance on the Act of 1919. The provinces were allowed to act as autonomous units of administration in their defined spheres. Moreover, the Act introduced responsible governments in provinces, that is, the governor was required to act with the advice of ministers responsible to the provi ncial legislature. This came into effect in 1937 and was discontinued in 1939. This, however, does not mean that the Act of 1935 established a full-fledged responsible Government in the Provinces. The Ministers were not absolutely free in matter of running their departments. The Governors continued to possess a set of overriding powers although such powers were not exercised very often. III. Bicameralism: It introduced bicameralism in six out of eleven provi

[SOURCE: UNIT III.pdf | chunk:0 | score:0.662]
UNIT III THE GOVERNMENT OF INDIA ACT, 1935. Background: As the growing demands of populace led by Indian leader for constitutional reforms in India intensified with progression in the British Rule , the evolving administrative arrangements put in place by the British paved the way for a more responsible government in India premised on the fact of maximum representation of Indian s. India’s support to Britain in the First World War also aided in British acknowledgement of the need for the inclusion of more Indians in the administration of their own country. This formed the basis of the passing of the Government of India Act, 1935 by the British Parliament. This legislation was the l ongest Act passed by the British Parliament after its domination and overtaking of administrative control in India . The Act originally passed, being very lengthy, was divided into two separate acts namely, th

QUESTION:
According to the notes, what did “Provincial Autonomy” mean under the Government of India Act 1935, and what timeline is mentioned?

Answer with citations.
assistant
The Government of India Act 1935 introduced ""Provincial Autonomy,"" according to the notes. This refers to the provinces having ""autonomous status"" and allowing them to act as independent units of administration in their defined spheres. Specifically:

- **Provincial Autonomy** refers to the provinces being granted ""provincial autonomy.""
- **It abolished diarchy in the provinces**, meaning there was no dual rule system where both central and local authorities existed simultaneously.
- **It introduced responsible governments in provinces**, meaning the governor was required to act with the advice of ministers who were responsible to the provincial legislature.

This provision came into effect in 1937 and was discontinued in 1939. The notes state that while this measure was a redeeming feature of the new Act, it marked the beginning of the Provincial Autonomy. Additionally, the passage mentions that the introduction of responsible governments in provinces was part of the broader changes made to ensure greater autonomy and independence for the provinces compared to the earlier period when they were still part of the centralized structure of the British Empire.",Provincial autonomy abolished diarchy in provinces; governors acted with advice of responsible ministers. Notes mention it came into effect in 1937 and was discontinued in 1939.
TinyLlama/TinyLlama-1.1B-Chat-v1.0 | sentence-transformers/all-MiniLM-L6-v2 | dense | k=3,q1_scope_bsa,"Where does the Bharatiya Sakshya Adhiniyam, 2023 apply, and what does it exclude?",3,1,0.3333333333333333,1.0,0,2.7994271580000714,1211,"Bharatiya_Nyaya_Sanhita,_2023.pdf",0.5189545154571533,"<|system|>
You are a careful assistant. Answer strictly from CONTEXT.
If the answer is not in the context, say: ""I don't know based on the provided documents."".
Cite sources like (doc_id, chunk_id). 
<|user|>
CONTEXT:
[SOURCE: Bharatiya_Nyaya_Sanhita,_2023.pdf | chunk:33 | score:0.519]
ws:–– CHAPTER I PRELIMINARY 1. (1) This Act may be called the Bharatiya Nyaya Sanhita, 2023. (2) It shall come into force on such date as the Central Government may, by notification in the Official Gazette, appoint, and different dates may be appointed for different provisions of the Sanhita. Short title, commencement and application. AS INTRODUCED IN LOK SABHA Bill No. 121 of 2023 5 2 (3) Every person shall be liable to punishment under this Sanhita and not otherwise for every act or omission contrary to the provisions thereof, of which he shall be guilty within India. (4) Any person liable, by any law for the time being in force in India, to be tried for an offence committed beyond India shall be dealt with according to the provisions of this Sanhita for any act committed beyond India in the same manner as if such act had been committed within India. (5) The provisions of this Sanhita 

[SOURCE: Bharatiya_Nyaya_Sanhita,_2023.pdf | chunk:32 | score:0.499]
Criminal intimidation. 350. Intentional insult with intent to provoke breach of peace. 351. Statements conducing to public mischief. 352. Act caused by inducing person to believe that he will be rendered an object of the Divine displeasure. 353. Misconduct in public by a drunken person. Of Defamation 354. Defamation. Of breach of contract to attend on and supply wants of helpless person. 355. Breach of contract to attend on and supply wants of helpless person. 356. Repeal and savings. C LAUSES 1 THE BHARATIYA NYAYA SANHITA, 2023 A BILL to consolidate and amend the provisions relating to offences and for matters connected therewith or incidental thereto. BE it enacted by Parliament in the Seventy-fourth Year of the Republic of India as follows:–– CHAPTER I PRELIMINARY 1. (1) This Act may be called the Bharatiya Nyaya Sanhita, 2023. (2) It shall come into force on such date as the Central 

[SOURCE: 250882_english_01042024_0.pdf | chunk:0 | score:0.498]
THE BHARA TIY A SAKSHY A ADHINIY AM, 2023 NO. 47 OF 2023 [25th December ,2023.] An Act to consolidate and to provide for general rules and principles of evidence for fair trial. BE it enacted by Parliament in the Seventy-fourth Year of the Republic of India as follows:— P AR T I CHAPTER I PRELIMINARY 1.(1) This Act may be called the Bharatiya Sakshya Adhiniyam, 2023. (2) It applies to all judicial proceedings in or before any Court, including Courts-martial, but not to affidavits presented to any Court or officer, nor to proceedings before an arbitrator. Short title, application and commencement. vlk/kkj.k EXTRAORDINARY Hkkx II — [k.M 1 P ART II — Section 1 izkf/kdkj ls izdkf'kr PUBLISHED BY AUTHORITY lañ 55] ubZ fnYyh] lkseokj] fnlEcj 25] 2023@ ikS""k 4] 1945 ¼'kd½ No. 55] NEW DELHI, MONDAY, DECEMBER 25, 2023/PAUSHA 4, 1945 (SAKA) bl Hkkx esa fHkUu i`""B la[;k nh tkrh gS ftlls fd ;g vyx l

QUESTION:
Where does the Bharatiya Sakshya Adhiniyam, 2023 apply, and what does it exclude?

Answer with citations. 
<|assistant|>
The Bharatiya Sakshya Adhiniyam, 2023 applies to all judicial proceedings in or before any Court, including Courts-martial, but not to affidavits presented to any Court or officers. It excludes proceedings before an arbitrator.","It applies to all judicial proceedings in or before any Court (including courts-martial), but not to affidavits and not to proceedings before an arbitrator."
TinyLlama/TinyLlama-1.1B-Chat-v1.0 | sentence-transformers/all-MiniLM-L6-v2 | dense | k=3,q2_commencement_bsa,"How does the Bharatiya Sakshya Adhiniyam, 2023 come into force?",3,0,0.0,1.0,0,1.8087789359999533,1184,"Bharatiya_Nyaya_Sanhita,_2023.pdf",0.5246131420135498,"<|system|>
You are a careful assistant. Answer strictly from CONTEXT.
If the answer is not in the context, say: ""I don't know based on the provided documents."".
Cite sources like (doc_id, chunk_id). 
<|user|>
CONTEXT:
[SOURCE: Bharatiya_Nyaya_Sanhita,_2023.pdf | chunk:32 | score:0.525]
Criminal intimidation. 350. Intentional insult with intent to provoke breach of peace. 351. Statements conducing to public mischief. 352. Act caused by inducing person to believe that he will be rendered an object of the Divine displeasure. 353. Misconduct in public by a drunken person. Of Defamation 354. Defamation. Of breach of contract to attend on and supply wants of helpless person. 355. Breach of contract to attend on and supply wants of helpless person. 356. Repeal and savings. C LAUSES 1 THE BHARATIYA NYAYA SANHITA, 2023 A BILL to consolidate and amend the provisions relating to offences and for matters connected therewith or incidental thereto. BE it enacted by Parliament in the Seventy-fourth Year of the Republic of India as follows:–– CHAPTER I PRELIMINARY 1. (1) This Act may be called the Bharatiya Nyaya Sanhita, 2023. (2) It shall come into force on such date as the Central 

[SOURCE: Bharatiya_Nyaya_Sanhita,_2023.pdf | chunk:33 | score:0.484]
ws:–– CHAPTER I PRELIMINARY 1. (1) This Act may be called the Bharatiya Nyaya Sanhita, 2023. (2) It shall come into force on such date as the Central Government may, by notification in the Official Gazette, appoint, and different dates may be appointed for different provisions of the Sanhita. Short title, commencement and application. AS INTRODUCED IN LOK SABHA Bill No. 121 of 2023 5 2 (3) Every person shall be liable to punishment under this Sanhita and not otherwise for every act or omission contrary to the provisions thereof, of which he shall be guilty within India. (4) Any person liable, by any law for the time being in force in India, to be tried for an offence committed beyond India shall be dealt with according to the provisions of this Sanhita for any act committed beyond India in the same manner as if such act had been committed within India. (5) The provisions of this Sanhita 

[SOURCE: 250882_english_01042024_0.pdf | chunk:0 | score:0.442]
THE BHARA TIY A SAKSHY A ADHINIY AM, 2023 NO. 47 OF 2023 [25th December ,2023.] An Act to consolidate and to provide for general rules and principles of evidence for fair trial. BE it enacted by Parliament in the Seventy-fourth Year of the Republic of India as follows:— P AR T I CHAPTER I PRELIMINARY 1.(1) This Act may be called the Bharatiya Sakshya Adhiniyam, 2023. (2) It applies to all judicial proceedings in or before any Court, including Courts-martial, but not to affidavits presented to any Court or officer, nor to proceedings before an arbitrator. Short title, application and commencement. vlk/kkj.k EXTRAORDINARY Hkkx II — [k.M 1 P ART II — Section 1 izkf/kdkj ls izdkf'kr PUBLISHED BY AUTHORITY lañ 55] ubZ fnYyh] lkseokj] fnlEcj 25] 2023@ ikS""k 4] 1945 ¼'kd½ No. 55] NEW DELHI, MONDAY, DECEMBER 25, 2023/PAUSHA 4, 1945 (SAKA) bl Hkkx esa fHkUu i`""B la[;k nh tkrh gS ftlls fd ;g vyx l

QUESTION:
How does the Bharatiya Sakshya Adhiniyam, 2023 come into force?

Answer with citations. 
<|assistant|>
The Bharatiya Sakshya Adhiniyam, 2023 comes into force on such date as the Central Government may, by notification in the Official Gazette, appoint.",It comes into force on a date appointed by the Central Government by notification in the Official Gazette.
TinyLlama/TinyLlama-1.1B-Chat-v1.0 | sentence-transformers/all-MiniLM-L6-v2 | dense | k=3,q3_document_definition,"How is a “document” defined, and does it include electronic/digital records? Give examples.",3,1,0.3333333333333333,1.0,0,3.531617163999954,927,250882_english_01042024_0.pdf,0.6552239656448364,"<|system|>
You are a careful assistant. Answer strictly from CONTEXT.
If the answer is not in the context, say: ""I don't know based on the provided documents."".
Cite sources like (doc_id, chunk_id). 
<|user|>
CONTEXT:
[SOURCE: 250882_english_01042024_0.pdf | chunk:104 | score:0.655]
 electronic or digital record and such record shall, subject to section 63, have the same legal effect, validity and enforceability as other document. 62.The contents of electronic records may be proved in accordance with the provisions of section 63. 63.(1) Notwithstanding anything contained in this Adhiniyam, any information contained in an electronic record which is printed on paper, stored, recorded or copied in optical or magnetic media or semiconductor memory which is produced by a computer or any communication device or otherwise stored, recorded or copied in any electronic form (hereinafter referred to as the computer output) shall be deemed to be also a document, if the conditions mentioned in this section are satisfied in relation to the information and Cases in which secondary evidence relating to documents may be given. Electronic or digital record. Special provisions as to e

[SOURCE: 250882_english_01042024_0.pdf | chunk:3 | score:0.628]
ular case, to act upon the supposition that it does not exist; (d) ""document"" means any matter expressed or described or otherwise recorded upon any substance by means of letters, figures or marks or any other means or by more than one of those means, intended to be used, or which may be used, for the purpose of recording that matter and includes electronic and digital records. Illustrations. (i) A writing is a document. (ii) Words printed, lithographed or photographed are documents. (iii) A map or plan is a document. (iv) An inscription on a metal plate or stone is a document. (v) A caricature is a document. (vi) An electronic record on emails, server logs, documents on computers, laptop or smartphone, messages, websites, locational evidence and voice mail messages stored on digital devices are documents; (e) ""evidence"" means and includes— (i) all statements including statements given e

[SOURCE: 250882_english_01042024_0.pdf | chunk:4 | score:0.584]
ce and voice mail messages stored on digital devices are documents; (e) ""evidence"" means and includes— (i) all statements including statements given electronically which the Court permits or requires to be made before it by witnesses in relation to matters of fact under inquiry and such statements are called oral evidence; (ii) all documents including electronic or digital records produced for the inspection of the Court and such documents are called documentary evidence; (f) ""fact"" means and includes— (i) any thing, state of things, or relation of things, capable of being perceived by the senses; (ii) any mental condition of which any person is conscious. Illustrations. (i) That there are certain objects arranged in a certain order in a certain place, is a fact. (ii) That a person heard or saw something, is a fact. (iii) That a person said certain words, is a fact. Definitions. 2 THE GA

QUESTION:
How is a “document” defined, and does it include electronic/digital records? Give examples.

Answer with citations. 
<|assistant|>
The definition of a ""document"" includes electronic/digital records, as per the context provided in the passage. The examples given in the passage include a writing, a map or plan, an inscription on a metal plate or stone, an electronic record on emails, server logs, documents on computers, laptop or smartphones, messages, websites, locational evidence, and voice mail messages stored on digital devices.",A document includes electronic/digital records; examples include emails and server logs (and other digital records on devices).
TinyLlama/TinyLlama-1.1B-Chat-v1.0 | sentence-transformers/all-MiniLM-L6-v2 | dense | k=3,q4_evidence_definition,"What is “evidence” under the Bharatiya Sakshya Adhiniyam, 2023?",3,0,0.0,0.0,0,8.63311861200009,1192,"Bharatiya_Nagarik_Suraksha_Sanhita,_2023.pdf",0.5521414875984192,"<|system|>
You are a careful assistant. Answer strictly from CONTEXT.
If the answer is not in the context, say: ""I don't know based on the provided documents."".
Cite sources like (doc_id, chunk_id). 
<|user|>
CONTEXT:
[SOURCE: Bharatiya_Nagarik_Suraksha_Sanhita,_2023.pdf | chunk:339 | score:0.552]
end for the police diaries of a case under inquiry or trial in such Court, and may use such diaries, not as evidence in the case, but to aid it in such inquiry or trial. (5) Neither the accused nor his agents shall be entitled to call for such diaries, nor shall he or they be entitled to see them merely because they are referred to by the Court; but, if they are used by the police officer who made them to refresh his memory, or if the Court uses them for the purpose of contradicting such police officer, the provisions of section 148 or section 164, as the case may be, of the Bharatiya Sakshya Adhiniyam, 2023, shall apply. 193. ( 1) Every investigation under this Chapter shall be completed without unnecessary delay. (2) The investigation in relation to an offence under sections 64, 66, 67, 68, 70, 71 of the Bharatiya Nyaya Sanhita, 2023 or under sections 4, 6, 8 or section 10 of the Prote

[SOURCE: 250882_english_01042024_0.pdf | chunk:8 | score:0.546]
 be relevant to another when it is connected with the other in any of the ways referred to in the provisions of this Adhiniyam relating to the relevancy of facts; (l) ""shall presume"".—Whenever it is directed by this Adhiniyam that the Court shall presume a fact, it shall regard such fact as proved, unless and until it is disproved. (2) Words and expressions used herein and not defined but defined in the Information Technology Act, 2000, the Bharatiya Nagarik Suraksha Sanhita, 2023 and the Bharatiya Nyaya Sanhita, 2023 shall have the same meanings as assigned to them in the said Act and Sanhitas. PART II CHAPTER II RELEV ANCY OF FACTS 3.Evidence may be given in any suit or proceeding of the existence or non-existence of every fact in issue and of such other facts as are hereinafter declared to be relevant, and of no others. Explanation.—This section shall not enable any person to give evi

[SOURCE: Bharatiya_Nagarik_Suraksha_Sanhita,_2023.pdf | chunk:513 | score:0.510]
oss-examine and re-examine the said witness. 323. (1) After any commission issued under section 310 has been duly executed, it shall be returned, together with the deposition of the witness examined thereunder, to the Court or Magistrate issuing the commission; and the commission, the return thereto and the deposition shall be open at all reasonable times to inspection of the parties, and may, subject to all just exceptions, be read in evidence in the case by either party, and shall form part of the record. (2) Any deposition so taken, if it satisfies the conditions specified by section 27 of the Bharatiya Sakshya Adhiniyam, 2023, may also be received in evidence at any subsequent stage of the case before another Court. 324. In every case in which a commission is issued under section 319, the inquiry, trial or other proceeding may be adjourned for a specified time reasonably sufficient f

QUESTION:
What is “evidence” under the Bharatiya Sakshya Adhiniyam, 2023?

Answer with citations. 
<|assistant|>
The Bharatiya Sakshya Adhiniyam, 2023, provides for the presumption of certain facts, including the existence or non-existence of every fact in issue and of such other facts as are declared to be relevant. Evidence may be given in any suit or proceeding of the existence or non-existence of these facts, and of no others. The section does not enable any person to give evidence of facts that are not relevant, and the section does not allow for the re-examination of a witness who has already been examined. The section also provides for the return of a commission issued under section 310, the deposition of the witness examined thereunder, and the reading of the commission and deposition in evidence in the case. The section also allows for the admission of depositions, subject to the conditions specified in section 27 of the Bharatiya Sakshya Adhiniyam, 2023.","Evidence includes oral evidence (statements permitted/required from witnesses, including electronic statements) and documentary evidence (documents including electronic/digital records)."
TinyLlama/TinyLlama-1.1B-Chat-v1.0 | sentence-transformers/all-MiniLM-L6-v2 | dense | k=3,q5_conclusive_proof,"What does “conclusive proof” mean in the Bharatiya Sakshya Adhiniyam, 2023?",3,0,0.0,1.0,0,4.996150127999954,1074,250882_english_01042024_0.pdf,0.6509560346603394,"<|system|>
You are a careful assistant. Answer strictly from CONTEXT.
If the answer is not in the context, say: ""I don't know based on the provided documents."".
Cite sources like (doc_id, chunk_id). 
<|user|>
CONTEXT:
[SOURCE: 250882_english_01042024_0.pdf | chunk:2 | score:0.651]
ment may, by notification in the Official Gazette, appoint. 2.(1) In this Adhiniyam, unless the context otherwise requires,— (a) ""Court"" includes all Judges and Magistrates, and all persons, except arbitrators, legally authorised to take evidence; (b) ""conclusive proof"" means when one fact is declared by this Adhiniyam to be conclusive proof of another, the Court shall, on proof of the one fact, regard the other as proved, and shall not allow evidence to be given for the purpose of disproving it; (c) ""disproved"" in relation to a fact, means when, after considering the matters before it, the Court either believes that it does not exist, or considers its non-existence so probable that a prudent man ought, under the circumstances of the particular case, to act upon the supposition that it does not exist; (d) ""document"" means any matter expressed or described or otherwise recorded upon any s

[SOURCE: 250882_english_01042024_0.pdf | chunk:7 | score:0.560]
B. (iv) That A, at the time of doing the act which caused B's death, was, by reason of unsoundness of mind, incapable of knowing its nature; (h) ""may presume"".—Whenever it is provided by this Adhiniyam that the Court may presume a fact, it may either regard such fact as proved, unless and until it is disproved or may call for proof of it; (i) ""not proved"".—A fact is said to be not proved when it is neither proved nor disproved; (j) ""proved"".—A fact is said to be proved when, after considering the matters before it, the Court either believes it to exist, or considers its existence so probable that a prudent man ought, under the circumstances of the particular case, to act upon the supposition that it exists; (k) ""relevant"".—A fact is said to be relevant to another when it is connected with the other in any of the ways referred to in the provisions of this Adhiniyam relating to the relevan

[SOURCE: 250882_english_01042024_0.pdf | chunk:8 | score:0.536]
 be relevant to another when it is connected with the other in any of the ways referred to in the provisions of this Adhiniyam relating to the relevancy of facts; (l) ""shall presume"".—Whenever it is directed by this Adhiniyam that the Court shall presume a fact, it shall regard such fact as proved, unless and until it is disproved. (2) Words and expressions used herein and not defined but defined in the Information Technology Act, 2000, the Bharatiya Nagarik Suraksha Sanhita, 2023 and the Bharatiya Nyaya Sanhita, 2023 shall have the same meanings as assigned to them in the said Act and Sanhitas. PART II CHAPTER II RELEV ANCY OF FACTS 3.Evidence may be given in any suit or proceeding of the existence or non-existence of every fact in issue and of such other facts as are hereinafter declared to be relevant, and of no others. Explanation.—This section shall not enable any person to give evi

QUESTION:
What does “conclusive proof” mean in the Bharatiya Sakshya Adhiniyam, 2023?

Answer with citations. 
<|assistant|>
In the Bharatiya Sakshya Adhiniyam, 2023, ""conclusive proof"" means when one fact is declared by this Adhiniyam to be conclusive proof of another, the Court shall, on proof of the one fact, regard the other as proved, and shall not allow evidence to be given for the purpose of disproving it. This means that the Court will consider the evidence presented to be sufficient to establish the existence of the other fact, and will not allow any other evidence to be presented to disprove it.","If one fact is declared conclusive proof of another, once the first is proved the Court must regard the second as proved and cannot allow evidence to disprove it."
TinyLlama/TinyLlama-1.1B-Chat-v1.0 | sentence-transformers/all-MiniLM-L6-v2 | dense | k=3,q6_bnss_audio_video_electronic,"Under BNSS 2023, what does “audio-video electronic” mean?",3,1,0.3333333333333333,1.0,0,2.8380215140000473,935,"Bharatiya_Nagarik_Suraksha_Sanhita,_2023.pdf",0.45327404141426086,"<|system|>
You are a careful assistant. Answer strictly from CONTEXT.
If the answer is not in the context, say: ""I don't know based on the provided documents."".
Cite sources like (doc_id, chunk_id). 
<|user|>
CONTEXT:
[SOURCE: Bharatiya_Nagarik_Suraksha_Sanhita,_2023.pdf | chunk:42 | score:0.453]
rt title, extent and commencement. AS INTRODUCED IN LOK SABHA Bill No. 122 of 2023 5 10 2 Explanation.—In this section, ""tribal areas"" means the territories which immediately before the 21st day of January, 1972, were included in the tribal areas of Assam, as referred to in paragraph 20 of the Sixth Schedule to the Constitution, other than those within the local limits of the municipality of Shillong. (3) It shall come into force on such date as the Central Government may, by notification in the Official Gazette, appoint. 2. (1) In this Sanhita, unless the context otherwise requires,— (a) ""audio-video electronic"" means shall include use of any communication device for the purposes of video conferencing, recording of processes of identification, search and seizure or evidence, transmission of electronic communication and for such other purposes and by such other means as the State Governm

[SOURCE: Bharatiya_Nagarik_Suraksha_Sanhita,_2023.pdf | chunk:44 | score:0.447]
 made orally or in writing to a Magistrate, with a view to his taking action under this Sanhita, that some person, whether known or unknown, has committed an offence, but does not include a police report. Explanation.—A report made by a police officer in a case which discloses, after investigation, the commission of a non-cognizable offence shall be deemed to be a complaint; and the police officer by whom such report is made shall be deemed to be the complainant; (f) ""electronic communication"" means the communication of any written, verbal, pictorial information or video content transmitted (whether from one person to another, from one device to another or from a person to a device or from a device to a person) by means of an electronic device including but not limited to—a telephone, a mobile or cellular phone, or other wireless telecommunication device, or a computer, or audio-video pl

[SOURCE: 250882_english_01042024_0.pdf | chunk:104 | score:0.382]
 electronic or digital record and such record shall, subject to section 63, have the same legal effect, validity and enforceability as other document. 62.The contents of electronic records may be proved in accordance with the provisions of section 63. 63.(1) Notwithstanding anything contained in this Adhiniyam, any information contained in an electronic record which is printed on paper, stored, recorded or copied in optical or magnetic media or semiconductor memory which is produced by a computer or any communication device or otherwise stored, recorded or copied in any electronic form (hereinafter referred to as the computer output) shall be deemed to be also a document, if the conditions mentioned in this section are satisfied in relation to the information and Cases in which secondary evidence relating to documents may be given. Electronic or digital record. Special provisions as to e

QUESTION:
Under BNSS 2023, what does “audio-video electronic” mean?

Answer with citations. 
<|assistant|>
BNSS 2023 defines ""audio-video electronic"" as including any communication device for the purposes of video conferencing, recording of processes of identification, search and seizure, or evidence, transmission of electronic communication, and for such other purposes and by such other means as the State Governments may determine.","It includes using communication devices for video conferencing and for recording processes like identification, search and seizure, or evidence, as provided by rules."
TinyLlama/TinyLlama-1.1B-Chat-v1.0 | sentence-transformers/all-MiniLM-L6-v2 | dense | k=3,q7_bnss_electronic_communication,"Under BNSS 2023, what is “electronic communication”?",3,1,0.3333333333333333,1.0,0,4.420783570999902,910,"Bharatiya_Nagarik_Suraksha_Sanhita,_2023.pdf",0.5508619546890259,"<|system|>
You are a careful assistant. Answer strictly from CONTEXT.
If the answer is not in the context, say: ""I don't know based on the provided documents."".
Cite sources like (doc_id, chunk_id). 
<|user|>
CONTEXT:
[SOURCE: Bharatiya_Nagarik_Suraksha_Sanhita,_2023.pdf | chunk:44 | score:0.551]
 made orally or in writing to a Magistrate, with a view to his taking action under this Sanhita, that some person, whether known or unknown, has committed an offence, but does not include a police report. Explanation.—A report made by a police officer in a case which discloses, after investigation, the commission of a non-cognizable offence shall be deemed to be a complaint; and the police officer by whom such report is made shall be deemed to be the complainant; (f) ""electronic communication"" means the communication of any written, verbal, pictorial information or video content transmitted (whether from one person to another, from one device to another or from a person to a device or from a device to a person) by means of an electronic device including but not limited to—a telephone, a mobile or cellular phone, or other wireless telecommunication device, or a computer, or audio-video pl

[SOURCE: 250882_english_01042024_0.pdf | chunk:107 | score:0.426]
contained is derived was regularly fed into the computer orcommunication device in the ordinary course of the said activities; (c) throughout the material part of the said period, the computer or communication device was operating properly or, if not, then in respect of any period in which it was not operating properly or was out of operation during that part of the period, was not such as to affect the electronic record or the accuracy of its contents; and (d) the information contained in the electronic record reproduces or is derived from such information fed into the computer orcommunication device in the ordinary course of the said activities. (3) Where over any period, the function of creating, storing or processing information for the purposes of any activity regularly carried on over that period as mentioned in clause (a) of sub-section (2) was regularly performed by means of one 

[SOURCE: 250882_english_01042024_0.pdf | chunk:106 | score:0.407]
ence or any contents of the original or of any fact stated therein of which direct evidence would be admissible. (2) The conditions referred to in sub-section (1) in respect of a computer output shall be the following, namely:— (a) the computer output containing the information was produced by the computer or communication device during the period over which the computer or communication device was used regularly to create, store or process information for the purposes of any activity regularly carried on over that period by the person having lawful control over the use of the computer or communication device; (b) during the said period, information of the kind contained in the electronic record or of the kind from which the information so contained is derived was regularly fed into the computer orcommunication device in the ordinary course of the said activities; (c) throughout the mate

QUESTION:
Under BNSS 2023, what is “electronic communication”?

Answer with citations. 
<|assistant|>
BNSS 2023 defines ""electronic communication"" as ""the communication of any written, verbal, pictorial information or video content transmitted (whether from one person to another, from one device to another or from a person to a device or from a device to a person) by means of an electronic device including but not limited to - a telephone, a mobile or cellular phone, or other wireless telecommunication device, or a computer, or audio-video plank.""","Electronic communication is transmission of written, verbal, pictorial or video content between persons/devices via electronic devices."
TinyLlama/TinyLlama-1.1B-Chat-v1.0 | sentence-transformers/all-MiniLM-L6-v2 | dense | k=3,q8_bnss_bailable_nonbailable,Define “bailable offence” and “non-bailable offence” under BNSS 2023.,3,0,0.0,0.6666666666666666,0,4.22945608100008,1076,"Bharatiya_Nagarik_Suraksha_Sanhita,_2023.pdf",0.6428765058517456,"<|system|>
You are a careful assistant. Answer strictly from CONTEXT.
If the answer is not in the context, say: ""I don't know based on the provided documents."".
Cite sources like (doc_id, chunk_id). 
<|user|>
CONTEXT:
[SOURCE: Bharatiya_Nagarik_Suraksha_Sanhita,_2023.pdf | chunk:809 | score:0.643]
ence, or fine, or both. Ditto Bailable. Ditto. 61 Criminal conspiracy to commit an offence punishable with death, imprisonment for life or rigorous imprisonment for a term of 2 years or upwards. Same as for abetment of the offence which is the object of the conspiracy. According as the offence which is the object of conspiracy is cognizable or non- cognizable. According as offence which is object of conspiracy is bailable or non- bailable. Court by which abetment of the offence which is the object of conspiracy is triable. Any other criminal conspiracy. Imprisonment for 6 months, or fine, or both. Non-cognizable. Bailable. Magistrate of the first class. 62 Attempting to commit offences punishable with imprisonment for life, or imprisonment, and in such attempt doing any act towards the commission of the offence. Imprisonment for life, or imprisonment not exceeding half.of the longest ter

[SOURCE: Bharatiya_Nagarik_Suraksha_Sanhita,_2023.pdf | chunk:807 | score:0.620]
t of either description for a term which may extend to seven years and with fine According as offence abetted is cognizable or non-cognizable. According as offence abetted is bailable or non- bailable. Court by which offence abetted is triable. 58 Concealing design to commit offence punishable with death or imprisonment for life. (i) if that offence be committed, be punished with imprisonment of either description for a term which may extend to seven years; or Ditto non- bailable. Ditto (ii) if the offence be not committed, with imprisonment of either description, for a term which may extend to three years, Ditto bailable Ditto 59 A public servant concealing a design to commit an offence which it is his duty to prevent, if the offence be committed. Imprisonment extending to half of the longest term provided for the offence, or fine, or both. Ditto According as offence abetted is bailable

[SOURCE: Bharatiya_Nagarik_Suraksha_Sanhita,_2023.pdf | chunk:804 | score:0.619]
ion “Magistrate of the first class” and “Any Magistrate” but not including Executive Magistrates; ( ii ) the word “cognizable” stands for “a police officer may arres t without warrant”; and ( iii ) the word “non-cognizable” stands for “a police officer shall not arrest without warrant”. I. –OFFENCES UNDER THE BHARATIYA NYAYA SANHITA Section Offence Punishment Cognizable or non- cognizable Bailable or Non- bailable By what Court triable 1 2 3 4 5 6 49 Punishment of abetment if the act abetted is committed in consequence and where no express provision is made for its punishment. Same as for offence abetted. According as offence abetted is cognizable or non- cognizable. According as offence abetted is bailable or non- bailable. Court by which offence abetted is triable. 50 Punishment of abetment if person abetted does act with different intention from that of abettor. Ditto Ditto Ditto Ditt

QUESTION:
Define “bailable offence” and “non-bailable offence” under BNSS 2023.

Answer with citations. 
<|assistant|>
BNSS 2023 defines ""bailable offence"" as an offence punishable with imprisonment for life or rigorous imprisonment for a term of 2 years or upwards, and ""non-bailable offence"" as an offence that is the object of the conspiracy. According to the source cited, the former is the object of the conspiracy, while the latter is the offence that is the object of the conspiracy.",Bailable offence: shown as bailable in the First Schedule or made bailable by other law. Non-bailable offence: any other offence.
TinyLlama/TinyLlama-1.1B-Chat-v1.0 | sentence-transformers/all-MiniLM-L6-v2 | dense | k=3,q9_goi1935_lists_counts,"As per the notes, what were the three subject lists under the Government of India Act 1935 and how many items did each have?",3,1,0.3333333333333333,1.0,0,2.895999419999953,935,UNIT III.pdf,0.7276683449745178,"<|system|>
You are a careful assistant. Answer strictly from CONTEXT.
If the answer is not in the context, say: ""I don't know based on the provided documents."".
Cite sources like (doc_id, chunk_id). 
<|user|>
CONTEXT:
[SOURCE: UNIT III.pdf | chunk:15 | score:0.728]
ad become uncommon for British Acts of Parliament to contain a preamble, the absence of one from the Act of 1935 was a sharp departure from the previous Act(s). By now, the Indian demands were centring around the British India being accorded a constitutional parity with other existing Dominions (Australia, Canada, the Irish Free State, New Zealand and the Union of South Africa) which would have meant complete autonomy within the British Commonwealth. III. Salient Features of the Government of India Act, 1935 The features of the Act can be summed up as follows: I. Division of Subjects/All India Federation: It provided for the establishment of an All India Federation consisting of provinces and princely states as units. The Act divided the powers between the Centre and units in terms of three lists—Federal List (for Centre containing 59 items), Provincial Lis t (for provinces containing 54

[SOURCE: UNIT III.pdf | chunk:14 | score:0.657]
e leader Stanley Baldwin. On the basis of the white paper, the Government of India Bill, 1935 was framed which was immensely long containing 473 clauses and 16 schedules and after its passage it came to be known as the Government of India Act, 1935. The Preambular objective of the Government of India Act, 1935 contrasted sharply with the Act of 1919. While the preamble of the Government of India Act, 1919 focused, centred and reaffirmed the statement of the Secretary of State for India, Edwin Montagu, which pledged “the gradual development of self -governing institutions, with a view to the progressive real isation of responsible government in India as an integral part of the British Empire”, the A ct of 1935 seemed devoid of it. While it had become uncommon for British Acts of Parliament to contain a preamble, the absence of one from the Act of 1935 was a sharp departure from the previo

[SOURCE: UNIT III.pdf | chunk:16 | score:0.644]
wers between the Centre and units in terms of three lists—Federal List (for Centre containing 59 items), Provincial Lis t (for provinces containing 54 items) and the Concurrent List (for both containing 36 items). Residuary powers were given to the Viceroy. However, the federation never came into being as the princely states did not join it. But this has formed the basis of Schedule VII of the Constitution of India, 1950 (read with Article 236). The approach to form the federation and implement provincial autonomy paved the way for the division of subjects between the Centre and the Provinces. The division of subjects that were given by the Government of India Act, 1919 was revised and added some more subjects in it by this Act of 1935 and included three lists. These were: • Federal list - 59 items • Provincial list - 54 items • Concurrent list - 36 items 5 The subjects which were of all

QUESTION:
As per the notes, what were the three subject lists under the Government of India Act 1935 and how many items did each have?

Answer with citations. 
<|assistant|>
The three subject lists under the Government of India Act 1935 were:

1. Federal list - 59 items
2. Provincial list - 54 items
3. Concurrent list - 36 items

Each of these lists had 59 and 54 items, respectively.","Federal List (59), Provincial List (54), Concurrent List (36)."
TinyLlama/TinyLlama-1.1B-Chat-v1.0 | sentence-transformers/all-MiniLM-L6-v2 | dense | k=3,q10_goi1935_provincial_autonomy,"According to the notes, what did “Provincial Autonomy” mean under the Government of India Act 1935, and what timeline is mentioned?",3,1,0.3333333333333333,1.0,0,7.901046588000099,982,UNIT III.pdf,0.68288254737854,"<|system|>
You are a careful assistant. Answer strictly from CONTEXT.
If the answer is not in the context, say: ""I don't know based on the provided documents."".
Cite sources like (doc_id, chunk_id). 
<|user|>
CONTEXT:
[SOURCE: UNIT III.pdf | chunk:30 | score:0.683]
 the decision making process. Even the workers had their separate representation which helped in the advancement of the workers class.  The Act was the first attempt to give the provinces an autonomous status by freeing them from external interference. Another reason was that this Act provided voting rights to more people than were given under the Government of India Act, 1919.  This Act also proposed to form the federal government that allowed princes to participate in political affairs of India. Conclusion: The Government of India Act, 1935 proved to be a giant leap towards the independence of India and helped in the reorganization of the states. It paved the way for the Indian Independence Act, 1947. British introduced this Act to win the support of modern nationalist and with the aim of maintaining continuity in their rule over the dominion of India. But the Act proved largely to b

[SOURCE: UNIT III.pdf | chunk:18 | score:0.675]
to pass laws on those subjects. In the event of a conflict, the Federal law was to prevail. In order to resolve this point of conflict, the Constitution authorised the Governor General to allocate in his discretion the right to legislate on any subject, not included in the lists, either the Centre or the province II. Provincial Autonomy: It abolished diarchy in the provinces and introduced ‘provincial autonomy’ in its place. The provinces were allowed to act as autonomous units of administration in their defined spheres. Moreover, the Act introduced responsible governments in provinces which meant that the governor was required to act with the advice of ministers re sponsible to the provincial legislature. This came into effect in 1937 but was discontinued later in 1939. A redeeming feature of the new Act was that it marked the beginning of the Provincial Autonomy. It was definitely an a

[SOURCE: UNIT III.pdf | chunk:28 | score:0.660]
nt of India Act 1935 marks a point of no return in the history of constitutional development in India. The Government of India Act 1935 curtailed the powers concentrated in the hands of the Central Government and distributed it by ensuring that a decentralised form of government shapes away in India . Separate electorates for women, although they had not asked for it, was quite good for the advancement of women in the decision making process. Even the workers had their separate representation which helped in the advancement of the workers class. This Act was the first attempt to give the provinces an autonomous status by freeing them from external interference. The appointment of the Governor-General and governors, of course, remained in the h ands of the British government and they were not responsible to the legislatures. The act never came near the objective that the nationalist movem

QUESTION:
According to the notes, what did “Provincial Autonomy” mean under the Government of India Act 1935, and what timeline is mentioned?

Answer with citations. 
<|assistant|>
According to the notes, ""Provincial Autonomy"" meant that the provinces were allowed to act as autonomous units of administration in their defined spheres. The act introduced responsible governments in provinces which meant that the governor was required to act with the advice of ministers re sponsible to the provincial legislature. The act marked the beginning of the Provincial Autonomy, which was a redeeming feature of the new Act. The act was the first attempt to give the provinces an autonomous status by freeing them from external interference. The appointment of the Governor-General and governors, of course, remained in the hands of the British government and they were not responsible to the legislatures. The act never came near the objective that the nationalist movement sought to achieve, which was the establishment of a decentralized form of government in India. The act marked a point of no return in the history of constitutional development in India.",Provincial autonomy abolished diarchy in provinces; governors acted with advice of responsible ministers. Notes mention it came into effect in 1937 and was discontinued in 1939.
TinyLlama/TinyLlama-1.1B-Chat-v1.0 | sentence-transformers/all-MiniLM-L6-v2 | dense | k=6,q1_scope_bsa,"Where does the Bharatiya Sakshya Adhiniyam, 2023 apply, and what does it exclude?",6,1,0.16666666666666666,1.0,0,3.70423861900008,2124,"Bharatiya_Nyaya_Sanhita,_2023.pdf",0.5189545154571533,"<|system|>
You are a careful assistant. Answer strictly from CONTEXT.
If the answer is not in the context, say: ""I don't know based on the provided documents."".
Cite sources like (doc_id, chunk_id). 
<|user|>
CONTEXT:
[SOURCE: Bharatiya_Nyaya_Sanhita,_2023.pdf | chunk:33 | score:0.519]
ws:–– CHAPTER I PRELIMINARY 1. (1) This Act may be called the Bharatiya Nyaya Sanhita, 2023. (2) It shall come into force on such date as the Central Government may, by notification in the Official Gazette, appoint, and different dates may be appointed for different provisions of the Sanhita. Short title, commencement and application. AS INTRODUCED IN LOK SABHA Bill No. 121 of 2023 5 2 (3) Every person shall be liable to punishment under this Sanhita and not otherwise for every act or omission contrary to the provisions thereof, of which he shall be guilty within India. (4) Any person liable, by any law for the time being in force in India, to be tried for an offence committed beyond India shall be dealt with according to the provisions of this Sanhita for any act committed beyond India in the same manner as if such act had been committed within India. (5) The provisions of this Sanhita 

[SOURCE: Bharatiya_Nyaya_Sanhita,_2023.pdf | chunk:32 | score:0.499]
Criminal intimidation. 350. Intentional insult with intent to provoke breach of peace. 351. Statements conducing to public mischief. 352. Act caused by inducing person to believe that he will be rendered an object of the Divine displeasure. 353. Misconduct in public by a drunken person. Of Defamation 354. Defamation. Of breach of contract to attend on and supply wants of helpless person. 355. Breach of contract to attend on and supply wants of helpless person. 356. Repeal and savings. C LAUSES 1 THE BHARATIYA NYAYA SANHITA, 2023 A BILL to consolidate and amend the provisions relating to offences and for matters connected therewith or incidental thereto. BE it enacted by Parliament in the Seventy-fourth Year of the Republic of India as follows:–– CHAPTER I PRELIMINARY 1. (1) This Act may be called the Bharatiya Nyaya Sanhita, 2023. (2) It shall come into force on such date as the Central 

[SOURCE: 250882_english_01042024_0.pdf | chunk:0 | score:0.498]
THE BHARA TIY A SAKSHY A ADHINIY AM, 2023 NO. 47 OF 2023 [25th December ,2023.] An Act to consolidate and to provide for general rules and principles of evidence for fair trial. BE it enacted by Parliament in the Seventy-fourth Year of the Republic of India as follows:— P AR T I CHAPTER I PRELIMINARY 1.(1) This Act may be called the Bharatiya Sakshya Adhiniyam, 2023. (2) It applies to all judicial proceedings in or before any Court, including Courts-martial, but not to affidavits presented to any Court or officer, nor to proceedings before an arbitrator. Short title, application and commencement. vlk/kkj.k EXTRAORDINARY Hkkx II — [k.M 1 P ART II — Section 1 izkf/kdkj ls izdkf'kr PUBLISHED BY AUTHORITY lañ 55] ubZ fnYyh] lkseokj] fnlEcj 25] 2023@ ikS""k 4] 1945 ¼'kd½ No. 55] NEW DELHI, MONDAY, DECEMBER 25, 2023/PAUSHA 4, 1945 (SAKA) bl Hkkx esa fHkUu i`""B la[;k nh tkrh gS ftlls fd ;g vyx l

[SOURCE: Bharatiya_Nagarik_Suraksha_Sanhita,_2023.pdf | chunk:41 | score:0.472]
 SURAKSHA SANHITA, 2023 A BILL to consolidate and amend the law relating to Criminal Procedure. BE it enacted by Parliament in the Seventy-fourth Year of the Republic of India as follows:— CHAPTER I PRELIMINARY 1. (1) This Act may be called the Bharatiya Nagarik Suraksha Sanhita, 2023. (2) The provisions of this Sanhita, other than those relating to Chapters IX, XI and XII thereof, shall not apply— (a) to the State of Nagaland; (b) to the tribal areas, but the concerned State Government may, by notification, apply such provisions or any of them to the whole or part of the State of Nagaland or such tribal areas, as the case may be, with such supplemental, incidental or consequential modifications, as may be specified in the notification. Short title, extent and commencement. AS INTRODUCED IN LOK SABHA Bill No. 122 of 2023 5 10 2 Explanation.—In this section, ""tribal areas"" means the terri

[SOURCE: Bharatiya_Nagarik_Suraksha_Sanhita,_2023.pdf | chunk:1146 | score:0.465]
l so exercise its superintendence over the Courts of Sessions and Courts of Judicial Magistrates subordinate to it as to ensure that there is an expeditious and proper disposal of cases by the Judges and Magistrates. Clause 532 of the Bill relates to trial and proceedings to be held in electronic mode. This Clause provides that trials and proceedings under this Code, may be held in electronic mode, by use of electronic communication or use of audio-video electronic means. Clause 533 of the Bill relates to repeal and savings. This Clause provides that the Code of Criminal Procedure, 1973 is repealed. FINANCIAL MEMORANDUM The Bharatiya Nyaya Sanhita Bill, 2023, if enacted, is not likely to involve any expenditure, either recurring or non-recurring, from and out of the Consolidated Fund of India. 278 MEMORANDUM REGARDING DELEGATED LEGISLATION Sub-clause (a) of clause 2 of the Bill empowers 

[SOURCE: Bharatiya_Nyaya_Sanhita,_2023.pdf | chunk:613 | score:0.459]
ks to define defamation and punishment thereof. Clause 355 of the Bill seeks to provide for breach of contract to attend on and supply wants of helpless person and punishment thereof. Clause 356 of the Bill seeks to provide for repeal and savings of the Indian Penal Code, 1860. FINANCIAL MEMORANDUM The Bharatiya Nyaya Sanhita, 2023, if enacted, is not likely to involve any expenditure, either recurring or non-recurring, from and out of the Consolidated Fund of India. 123 LOK SABHA ———— A BILL to consolidate and amend the provisions relating to offences and for matters connected therewith or incidental thereto. ———— (Shri Amit Shah, Minister of Home Affairs and Cooperation ) MGIPMRND—278LS—10.08.2023.

QUESTION:
Where does the Bharatiya Sakshya Adhiniyam, 2023 apply, and what does it exclude?

Answer with citations. 
<|assistant|>
The Bharatiya Sakshya Adhiniyam, 2023 applies to all judicial proceedings in or before any Court, including Courts-martial, but not to affidavits presented to any Court or officer, nor to proceedings before an arbitrator. It excludes affidavits presented to any Court or officer, nor to proceedings before an arbitrator.","It applies to all judicial proceedings in or before any Court (including courts-martial), but not to affidavits and not to proceedings before an arbitrator."
TinyLlama/TinyLlama-1.1B-Chat-v1.0 | sentence-transformers/all-MiniLM-L6-v2 | dense | k=6,q2_commencement_bsa,"How does the Bharatiya Sakshya Adhiniyam, 2023 come into force?",6,0,0.0,1.0,0,1.7058762829999523,2005,"Bharatiya_Nyaya_Sanhita,_2023.pdf",0.5246131420135498,"<|system|>
You are a careful assistant. Answer strictly from CONTEXT.
If the answer is not in the context, say: ""I don't know based on the provided documents."".
Cite sources like (doc_id, chunk_id). 
<|user|>
CONTEXT:
[SOURCE: Bharatiya_Nyaya_Sanhita,_2023.pdf | chunk:32 | score:0.525]
Criminal intimidation. 350. Intentional insult with intent to provoke breach of peace. 351. Statements conducing to public mischief. 352. Act caused by inducing person to believe that he will be rendered an object of the Divine displeasure. 353. Misconduct in public by a drunken person. Of Defamation 354. Defamation. Of breach of contract to attend on and supply wants of helpless person. 355. Breach of contract to attend on and supply wants of helpless person. 356. Repeal and savings. C LAUSES 1 THE BHARATIYA NYAYA SANHITA, 2023 A BILL to consolidate and amend the provisions relating to offences and for matters connected therewith or incidental thereto. BE it enacted by Parliament in the Seventy-fourth Year of the Republic of India as follows:–– CHAPTER I PRELIMINARY 1. (1) This Act may be called the Bharatiya Nyaya Sanhita, 2023. (2) It shall come into force on such date as the Central 

[SOURCE: Bharatiya_Nyaya_Sanhita,_2023.pdf | chunk:33 | score:0.484]
ws:–– CHAPTER I PRELIMINARY 1. (1) This Act may be called the Bharatiya Nyaya Sanhita, 2023. (2) It shall come into force on such date as the Central Government may, by notification in the Official Gazette, appoint, and different dates may be appointed for different provisions of the Sanhita. Short title, commencement and application. AS INTRODUCED IN LOK SABHA Bill No. 121 of 2023 5 2 (3) Every person shall be liable to punishment under this Sanhita and not otherwise for every act or omission contrary to the provisions thereof, of which he shall be guilty within India. (4) Any person liable, by any law for the time being in force in India, to be tried for an offence committed beyond India shall be dealt with according to the provisions of this Sanhita for any act committed beyond India in the same manner as if such act had been committed within India. (5) The provisions of this Sanhita 

[SOURCE: 250882_english_01042024_0.pdf | chunk:0 | score:0.442]
THE BHARA TIY A SAKSHY A ADHINIY AM, 2023 NO. 47 OF 2023 [25th December ,2023.] An Act to consolidate and to provide for general rules and principles of evidence for fair trial. BE it enacted by Parliament in the Seventy-fourth Year of the Republic of India as follows:— P AR T I CHAPTER I PRELIMINARY 1.(1) This Act may be called the Bharatiya Sakshya Adhiniyam, 2023. (2) It applies to all judicial proceedings in or before any Court, including Courts-martial, but not to affidavits presented to any Court or officer, nor to proceedings before an arbitrator. Short title, application and commencement. vlk/kkj.k EXTRAORDINARY Hkkx II — [k.M 1 P ART II — Section 1 izkf/kdkj ls izdkf'kr PUBLISHED BY AUTHORITY lañ 55] ubZ fnYyh] lkseokj] fnlEcj 25] 2023@ ikS""k 4] 1945 ¼'kd½ No. 55] NEW DELHI, MONDAY, DECEMBER 25, 2023/PAUSHA 4, 1945 (SAKA) bl Hkkx esa fHkUu i`""B la[;k nh tkrh gS ftlls fd ;g vyx l

[SOURCE: Bharatiya_Nagarik_Suraksha_Sanhita,_2023.pdf | chunk:309 | score:0.425]
cer or other person in authority shall offer or make, or cause to be offered or made, any such inducement, threat or promise as is mentioned in section 22 of the Bharatiya Sakshya Adhiniyam, 2023. (2) But no police officer or other person shall prevent, by any caution or otherwise, any person from making in the course of any investigation under this Chapter any statement which he may be disposed to make of his own free will: Provided that nothing in this sub-section shall affect the provisions of sub-section (4) of section 184. 183. ( 1) Any Judicial Magistrate of the District in which the information about commission of any offence has been registered, may, whether or not he has jurisdiction in the case, record any confession or statement made to him in the course of an investigation under this Chapter or under any other law for the time being in force, or at any time afterwards but bef

[SOURCE: Bharatiya_Nagarik_Suraksha_Sanhita,_2023.pdf | chunk:388 | score:0.423]
eds or a person with mental illness, or is from sickness or infirmity unable to make a complaint, or is a woman who, according to the local customs and manners, ought not to be compelled to appear in public, some other person may, with the leave of the Court, make a complaint on his or her behalf. (2) Notwithstanding anything contained in this Sanhita, when any offence falling under Chapter XIX of the Bharatiya Nyaya Sanhita, 2023 is alleged to have been committed against a person who, at the time of such commission, is the President of India, the Vice-President of India, the Governor of a State, the Administrator of a Union territory or a Minister of the Union or of a State or of a Union territory, or any other public servant employed in connection with the affairs of the Union or of a State in respect of his conduct in the discharge of his public functions, a Court of Session may take 

[SOURCE: Bharatiya_Nagarik_Suraksha_Sanhita,_2023.pdf | chunk:1146 | score:0.421]
l so exercise its superintendence over the Courts of Sessions and Courts of Judicial Magistrates subordinate to it as to ensure that there is an expeditious and proper disposal of cases by the Judges and Magistrates. Clause 532 of the Bill relates to trial and proceedings to be held in electronic mode. This Clause provides that trials and proceedings under this Code, may be held in electronic mode, by use of electronic communication or use of audio-video electronic means. Clause 533 of the Bill relates to repeal and savings. This Clause provides that the Code of Criminal Procedure, 1973 is repealed. FINANCIAL MEMORANDUM The Bharatiya Nyaya Sanhita Bill, 2023, if enacted, is not likely to involve any expenditure, either recurring or non-recurring, from and out of the Consolidated Fund of India. 278 MEMORANDUM REGARDING DELEGATED LEGISLATION Sub-clause (a) of clause 2 of the Bill empowers

QUESTION:
How does the Bharatiya Sakshya Adhiniyam, 2023 come into force?

Answer with citations. 
<|assistant|>
The Bharatiya Sakshya Adhiniyam, 2023 comes into force on the date specified in the text, which is not specified.",It comes into force on a date appointed by the Central Government by notification in the Official Gazette.
TinyLlama/TinyLlama-1.1B-Chat-v1.0 | sentence-transformers/all-MiniLM-L6-v2 | dense | k=6,q3_document_definition,"How is a “document” defined, and does it include electronic/digital records? Give examples.",6,1,0.16666666666666666,1.0,0,10.173731929999803,1832,250882_english_01042024_0.pdf,0.6552239656448364,"<|system|>
You are a careful assistant. Answer strictly from CONTEXT.
If the answer is not in the context, say: ""I don't know based on the provided documents."".
Cite sources like (doc_id, chunk_id). 
<|user|>
CONTEXT:
[SOURCE: 250882_english_01042024_0.pdf | chunk:104 | score:0.655]
 electronic or digital record and such record shall, subject to section 63, have the same legal effect, validity and enforceability as other document. 62.The contents of electronic records may be proved in accordance with the provisions of section 63. 63.(1) Notwithstanding anything contained in this Adhiniyam, any information contained in an electronic record which is printed on paper, stored, recorded or copied in optical or magnetic media or semiconductor memory which is produced by a computer or any communication device or otherwise stored, recorded or copied in any electronic form (hereinafter referred to as the computer output) shall be deemed to be also a document, if the conditions mentioned in this section are satisfied in relation to the information and Cases in which secondary evidence relating to documents may be given. Electronic or digital record. Special provisions as to e

[SOURCE: 250882_english_01042024_0.pdf | chunk:3 | score:0.628]
ular case, to act upon the supposition that it does not exist; (d) ""document"" means any matter expressed or described or otherwise recorded upon any substance by means of letters, figures or marks or any other means or by more than one of those means, intended to be used, or which may be used, for the purpose of recording that matter and includes electronic and digital records. Illustrations. (i) A writing is a document. (ii) Words printed, lithographed or photographed are documents. (iii) A map or plan is a document. (iv) An inscription on a metal plate or stone is a document. (v) A caricature is a document. (vi) An electronic record on emails, server logs, documents on computers, laptop or smartphone, messages, websites, locational evidence and voice mail messages stored on digital devices are documents; (e) ""evidence"" means and includes— (i) all statements including statements given e

[SOURCE: 250882_english_01042024_0.pdf | chunk:4 | score:0.584]
ce and voice mail messages stored on digital devices are documents; (e) ""evidence"" means and includes— (i) all statements including statements given electronically which the Court permits or requires to be made before it by witnesses in relation to matters of fact under inquiry and such statements are called oral evidence; (ii) all documents including electronic or digital records produced for the inspection of the Court and such documents are called documentary evidence; (f) ""fact"" means and includes— (i) any thing, state of things, or relation of things, capable of being perceived by the senses; (ii) any mental condition of which any person is conscious. Illustrations. (i) That there are certain objects arranged in a certain order in a certain place, is a fact. (ii) That a person heard or saw something, is a fact. (iii) That a person said certain words, is a fact. Definitions. 2 THE GA

[SOURCE: 250882_english_01042024_0.pdf | chunk:103 | score:0.561]
uments which cannot conveniently be examined in Court, and the fact to be proved is the general result of the whole collection. Explanation.—For the purposes of— (i) clauses (a), (c) and (d), any secondary evidence of the contents of the document is admissible; (ii) clause (b), the written admission is admissible; (iii) clause (e) or (f), a certified copy of the document, but no other kind of secondary evidence, is admissible; (iv) clause (g), evidence may be given as to the general result of the documents by any person who has examined them, and who is skilled in the examination of such document. 61.Nothing in this Adhiniyam shall apply to deny the admissibility of an electronic or digital record in the evidence on the ground that it is an electronic or digital record and such record shall, subject to section 63, have the same legal effect, validity and enforceability as other document.

[SOURCE: 250882_english_01042024_0.pdf | chunk:124 | score:0.543]
of a State Government: Provided that such document is substantially in the form and purports to be executed in the manner directed by law in that behalf. (2) The Court shall also presume that any officer by whom any such document purports to be signed or certified, held, when he signed it, the official character which he claims in such paper. 79.Whenever any document is produced before any Court, purporting to be a record or memorandum of the evidence, or of any part of the evidence, given by a witness in a judicial proceeding or before any officer authorised by law to take such evidence or to be a statement or confession by any prisoner or accused person, taken in accordance with law, Proof of documents by production of certified copies. Proof of other official documents. Presumption as to genuineness of certified copies. Presumption as to documents produced as record of evidence, etc. 

[SOURCE: 250882_english_01042024_0.pdf | chunk:69 | score:0.540]
rting to be printed or published including in electronic or digital form under the authority of the Government of such country and to contain any such law, and any report of a ruling of the Courts of such country contained in a book including in electronic or digital form purporting to be a report of such rulings, is relevant. How much of a statement is to be proved 33.When any statement of which evidence is given forms part of a longer statement, or of a conversation or part of an isolated document, or is contained in a document which forms part of a book, or is contained in part of electronic record or of a connected series of letters or papers, evidence shall be given of so much and no more of the statement, conversation, document, electronic record, book or series of letters or papers as the Court considers necessary in that particular case to the full understanding of the nature and

QUESTION:
How is a “document” defined, and does it include electronic/digital records? Give examples.

Answer with citations. 
<|assistant|>
The definition of a ""document"" in the Adhiniyam is ""any matter expressed or described or otherwise recorded upon any substance by means of letters, figures, or marks or any other means or by more than one of those means, intended to be used, or which may be used, for the purpose of recording that matter and includes electronic and digital records.""

Examples of electronic/digital records include:

1. Electronic or digital records produced for the inspection of the Court, such as electronic or digital copies of documents, emails, server logs, documents on computers, laptop or smartphone, messages, websites, locational evidence, and voice mail messages stored on digital devices.

2. Evidence is any statement including statements given in relation to matters of fact under inquiry and such statements are called oral evidence.

3. Fact is any thing, state of things, or relation of things capable of being perceived by the senses.

4. Fact is any mental condition of which any person is conscious.

5. Fact is any thing, state of things, or relation of things capable of being perceived by the senses.

6. Fact",A document includes electronic/digital records; examples include emails and server logs (and other digital records on devices).
TinyLlama/TinyLlama-1.1B-Chat-v1.0 | sentence-transformers/all-MiniLM-L6-v2 | dense | k=6,q4_evidence_definition,"What is “evidence” under the Bharatiya Sakshya Adhiniyam, 2023?",6,0,0.0,0.0,0,10.24931821899986,2159,"Bharatiya_Nagarik_Suraksha_Sanhita,_2023.pdf",0.5521414875984192,"<|system|>
You are a careful assistant. Answer strictly from CONTEXT.
If the answer is not in the context, say: ""I don't know based on the provided documents."".
Cite sources like (doc_id, chunk_id). 
<|user|>
CONTEXT:
[SOURCE: Bharatiya_Nagarik_Suraksha_Sanhita,_2023.pdf | chunk:339 | score:0.552]
end for the police diaries of a case under inquiry or trial in such Court, and may use such diaries, not as evidence in the case, but to aid it in such inquiry or trial. (5) Neither the accused nor his agents shall be entitled to call for such diaries, nor shall he or they be entitled to see them merely because they are referred to by the Court; but, if they are used by the police officer who made them to refresh his memory, or if the Court uses them for the purpose of contradicting such police officer, the provisions of section 148 or section 164, as the case may be, of the Bharatiya Sakshya Adhiniyam, 2023, shall apply. 193. ( 1) Every investigation under this Chapter shall be completed without unnecessary delay. (2) The investigation in relation to an offence under sections 64, 66, 67, 68, 70, 71 of the Bharatiya Nyaya Sanhita, 2023 or under sections 4, 6, 8 or section 10 of the Prote

[SOURCE: 250882_english_01042024_0.pdf | chunk:8 | score:0.546]
 be relevant to another when it is connected with the other in any of the ways referred to in the provisions of this Adhiniyam relating to the relevancy of facts; (l) ""shall presume"".—Whenever it is directed by this Adhiniyam that the Court shall presume a fact, it shall regard such fact as proved, unless and until it is disproved. (2) Words and expressions used herein and not defined but defined in the Information Technology Act, 2000, the Bharatiya Nagarik Suraksha Sanhita, 2023 and the Bharatiya Nyaya Sanhita, 2023 shall have the same meanings as assigned to them in the said Act and Sanhitas. PART II CHAPTER II RELEV ANCY OF FACTS 3.Evidence may be given in any suit or proceeding of the existence or non-existence of every fact in issue and of such other facts as are hereinafter declared to be relevant, and of no others. Explanation.—This section shall not enable any person to give evi

[SOURCE: Bharatiya_Nagarik_Suraksha_Sanhita,_2023.pdf | chunk:513 | score:0.510]
oss-examine and re-examine the said witness. 323. (1) After any commission issued under section 310 has been duly executed, it shall be returned, together with the deposition of the witness examined thereunder, to the Court or Magistrate issuing the commission; and the commission, the return thereto and the deposition shall be open at all reasonable times to inspection of the parties, and may, subject to all just exceptions, be read in evidence in the case by either party, and shall form part of the record. (2) Any deposition so taken, if it satisfies the conditions specified by section 27 of the Bharatiya Sakshya Adhiniyam, 2023, may also be received in evidence at any subsequent stage of the case before another Court. 324. In every case in which a commission is issued under section 319, the inquiry, trial or other proceeding may be adjourned for a specified time reasonably sufficient f

[SOURCE: 250882_english_01042024_0.pdf | chunk:0 | score:0.506]
THE BHARA TIY A SAKSHY A ADHINIY AM, 2023 NO. 47 OF 2023 [25th December ,2023.] An Act to consolidate and to provide for general rules and principles of evidence for fair trial. BE it enacted by Parliament in the Seventy-fourth Year of the Republic of India as follows:— P AR T I CHAPTER I PRELIMINARY 1.(1) This Act may be called the Bharatiya Sakshya Adhiniyam, 2023. (2) It applies to all judicial proceedings in or before any Court, including Courts-martial, but not to affidavits presented to any Court or officer, nor to proceedings before an arbitrator. Short title, application and commencement. vlk/kkj.k EXTRAORDINARY Hkkx II — [k.M 1 P ART II — Section 1 izkf/kdkj ls izdkf'kr PUBLISHED BY AUTHORITY lañ 55] ubZ fnYyh] lkseokj] fnlEcj 25] 2023@ ikS""k 4] 1945 ¼'kd½ No. 55] NEW DELHI, MONDAY, DECEMBER 25, 2023/PAUSHA 4, 1945 (SAKA) bl Hkkx esa fHkUu i`""B la[;k nh tkrh gS ftlls fd ;g vyx l

[SOURCE: 250882_english_01042024_0.pdf | chunk:156 | score:0.496]
the contents of a lost document. A must prove that the document has been lost. 108. When a person is accused of any offence, the burden of proving the existence of circumstances bringing the case within any of the General Exceptions in the Bharatiya Nyaya Sanhita, 2023 or within any special exception or proviso contained in any other part of the said Sanhita, or in any law defining the offence, is upon him, and the Court shall presume the absence of such circumstances. Burden of proof. On whom burden of proof lies. Burden of proof as to particular fact. Burden of proving fact to be proved to make evidence admissible. Burden of proving that case of accused comes within exceptions. 32 THE GAZETTE OF INDIA EXTRAORDINARY [Part II—____________________________________________________________________________________________________________________________________________________________________

[SOURCE: 250882_english_01042024_0.pdf | chunk:2 | score:0.494]
ment may, by notification in the Official Gazette, appoint. 2.(1) In this Adhiniyam, unless the context otherwise requires,— (a) ""Court"" includes all Judges and Magistrates, and all persons, except arbitrators, legally authorised to take evidence; (b) ""conclusive proof"" means when one fact is declared by this Adhiniyam to be conclusive proof of another, the Court shall, on proof of the one fact, regard the other as proved, and shall not allow evidence to be given for the purpose of disproving it; (c) ""disproved"" in relation to a fact, means when, after considering the matters before it, the Court either believes that it does not exist, or considers its non-existence so probable that a prudent man ought, under the circumstances of the particular case, to act upon the supposition that it does not exist; (d) ""document"" means any matter expressed or described or otherwise recorded upon any s

QUESTION:
What is “evidence” under the Bharatiya Sakshya Adhiniyam, 2023?

Answer with citations. 
<|assistant|>
The Bharatiya Sakshya Adhiniyam, 2023, provides for evidence to be admissible in court for the following:

1. Facts: The court may admit evidence of a fact if it is conclusively proven by the court.

2. Exceptions: The court may also admit evidence of certain exceptions, such as:

- Exception 1: When a fact is declared conclusively by the court to be a fact, the court shall not allow evidence to be given for the purpose of disproving it.
- Exception 2: When a fact is declared conclusively by the court to be a fact, the court shall not allow evidence to be given for the purpose of disproving it.

3. Proviso: The court may also admit evidence of proviso if it is conclusively proven by the court.

4. Burden of proof: The court may also admit evidence of burden of proof as to a fact if it is conclusively proven by the court.

5. Burden of proof: The court may also admit evidence of burden of proof as to a fact if it is conclusively proven by","Evidence includes oral evidence (statements permitted/required from witnesses, including electronic statements) and documentary evidence (documents including electronic/digital records)."
TinyLlama/TinyLlama-1.1B-Chat-v1.0 | sentence-transformers/all-MiniLM-L6-v2 | dense | k=6,q5_conclusive_proof,"What does “conclusive proof” mean in the Bharatiya Sakshya Adhiniyam, 2023?",6,0,0.0,1.0,0,8.851955855999904,1881,250882_english_01042024_0.pdf,0.6509560346603394,"<|system|>
You are a careful assistant. Answer strictly from CONTEXT.
If the answer is not in the context, say: ""I don't know based on the provided documents."".
Cite sources like (doc_id, chunk_id). 
<|user|>
CONTEXT:
[SOURCE: 250882_english_01042024_0.pdf | chunk:2 | score:0.651]
ment may, by notification in the Official Gazette, appoint. 2.(1) In this Adhiniyam, unless the context otherwise requires,— (a) ""Court"" includes all Judges and Magistrates, and all persons, except arbitrators, legally authorised to take evidence; (b) ""conclusive proof"" means when one fact is declared by this Adhiniyam to be conclusive proof of another, the Court shall, on proof of the one fact, regard the other as proved, and shall not allow evidence to be given for the purpose of disproving it; (c) ""disproved"" in relation to a fact, means when, after considering the matters before it, the Court either believes that it does not exist, or considers its non-existence so probable that a prudent man ought, under the circumstances of the particular case, to act upon the supposition that it does not exist; (d) ""document"" means any matter expressed or described or otherwise recorded upon any s

[SOURCE: 250882_english_01042024_0.pdf | chunk:7 | score:0.560]
B. (iv) That A, at the time of doing the act which caused B's death, was, by reason of unsoundness of mind, incapable of knowing its nature; (h) ""may presume"".—Whenever it is provided by this Adhiniyam that the Court may presume a fact, it may either regard such fact as proved, unless and until it is disproved or may call for proof of it; (i) ""not proved"".—A fact is said to be not proved when it is neither proved nor disproved; (j) ""proved"".—A fact is said to be proved when, after considering the matters before it, the Court either believes it to exist, or considers its existence so probable that a prudent man ought, under the circumstances of the particular case, to act upon the supposition that it exists; (k) ""relevant"".—A fact is said to be relevant to another when it is connected with the other in any of the ways referred to in the provisions of this Adhiniyam relating to the relevan

[SOURCE: 250882_english_01042024_0.pdf | chunk:8 | score:0.536]
 be relevant to another when it is connected with the other in any of the ways referred to in the provisions of this Adhiniyam relating to the relevancy of facts; (l) ""shall presume"".—Whenever it is directed by this Adhiniyam that the Court shall presume a fact, it shall regard such fact as proved, unless and until it is disproved. (2) Words and expressions used herein and not defined but defined in the Information Technology Act, 2000, the Bharatiya Nagarik Suraksha Sanhita, 2023 and the Bharatiya Nyaya Sanhita, 2023 shall have the same meanings as assigned to them in the said Act and Sanhitas. PART II CHAPTER II RELEV ANCY OF FACTS 3.Evidence may be given in any suit or proceeding of the existence or non-existence of every fact in issue and of such other facts as are hereinafter declared to be relevant, and of no others. Explanation.—This section shall not enable any person to give evi

[SOURCE: 250882_english_01042024_0.pdf | chunk:156 | score:0.501]
the contents of a lost document. A must prove that the document has been lost. 108. When a person is accused of any offence, the burden of proving the existence of circumstances bringing the case within any of the General Exceptions in the Bharatiya Nyaya Sanhita, 2023 or within any special exception or proviso contained in any other part of the said Sanhita, or in any law defining the offence, is upon him, and the Court shall presume the absence of such circumstances. Burden of proof. On whom burden of proof lies. Burden of proof as to particular fact. Burden of proving fact to be proved to make evidence admissible. Burden of proving that case of accused comes within exceptions. 32 THE GAZETTE OF INDIA EXTRAORDINARY [Part II—____________________________________________________________________________________________________________________________________________________________________

[SOURCE: 250882_english_01042024_0.pdf | chunk:213 | score:0.494]
t fact, admissible. Former statements of witness may be proved to corroborate later testimony as to same fact. What matters may be proved in connection with proved statement relevant under section 26 or 27. Refreshing memory. Testimony to facts stated in document mentioned in section 162. Sec. 1] THE GAZETTE OF INDIA EXTRAORDINARY 43_______________________________________________________________________________________________________________________________________________________________________________________________________________________________________________________________________________________________________________________________________________________________ Illustration. A book-keeper may testify to facts recorded by him in books regularly kept in the course of business, if he knows that the books were correctly kept, although he has forgotten the particular transact

[SOURCE: Bharatiya_Nagarik_Suraksha_Sanhita,_2023.pdf | chunk:308 | score:0.461]
be used in the re-examination of such witness, but for the purpose only of explaining any matter referred to in his cross-examination. (2) Nothing in this section shall be deemed to apply to any statement falling within the provisions of clause (1) of section 26 of the Bharatiya Sakshya Adhiniyam, 2023; or to affect the provisions of section 23 of that Adhiniyam. Explanation.— An omission to state a fact or circumstance in the statement referred to in sub-section (1) may amount to contradiction if the same appears to be significant and otherwise relevant having regard to the context in which such omission occurs and whether any omission amounts to a contradiction in the particular context shall be a question of fact. 182. (1) No police officer or other person in authority shall offer or make, or cause to be offered or made, any such inducement, threat or promise as is mentioned in sectio

QUESTION:
What does “conclusive proof” mean in the Bharatiya Sakshya Adhiniyam, 2023?

Answer with citations. 
<|assistant|>
The Bharatiya Sakshya Adhiniyam, 2023, states that conclusive proof means when one fact is declared by this Adhiniyam to be conclusive proof of another, the Court shall, on proof of the one fact, regard the other as proved, and shall not allow evidence to be given for the purpose of disproving it. The term ""conclusive proof"" is not defined in the information technology act, 2000, nor in the bharatiya nagarik suraksha sanhita, 2023. However, the term is defined in the bharatiya samajik adhiniyam, 2023, which states that conclusive proof means when one fact is declared by this adhiniyam to be conclusive proof of another, the Court shall, on proof of the one fact, regard the other as proved, and shall not allow evidence to be given for the purpose of disproving it.","If one fact is declared conclusive proof of another, once the first is proved the Court must regard the second as proved and cannot allow evidence to disprove it."
TinyLlama/TinyLlama-1.1B-Chat-v1.0 | sentence-transformers/all-MiniLM-L6-v2 | dense | k=6,q6_bnss_audio_video_electronic,"Under BNSS 2023, what does “audio-video electronic” mean?",6,1,0.16666666666666666,1.0,0,4.596464656999842,1665,"Bharatiya_Nagarik_Suraksha_Sanhita,_2023.pdf",0.45327404141426086,"<|system|>
You are a careful assistant. Answer strictly from CONTEXT.
If the answer is not in the context, say: ""I don't know based on the provided documents."".
Cite sources like (doc_id, chunk_id). 
<|user|>
CONTEXT:
[SOURCE: Bharatiya_Nagarik_Suraksha_Sanhita,_2023.pdf | chunk:42 | score:0.453]
rt title, extent and commencement. AS INTRODUCED IN LOK SABHA Bill No. 122 of 2023 5 10 2 Explanation.—In this section, ""tribal areas"" means the territories which immediately before the 21st day of January, 1972, were included in the tribal areas of Assam, as referred to in paragraph 20 of the Sixth Schedule to the Constitution, other than those within the local limits of the municipality of Shillong. (3) It shall come into force on such date as the Central Government may, by notification in the Official Gazette, appoint. 2. (1) In this Sanhita, unless the context otherwise requires,— (a) ""audio-video electronic"" means shall include use of any communication device for the purposes of video conferencing, recording of processes of identification, search and seizure or evidence, transmission of electronic communication and for such other purposes and by such other means as the State Governm

[SOURCE: Bharatiya_Nagarik_Suraksha_Sanhita,_2023.pdf | chunk:44 | score:0.447]
 made orally or in writing to a Magistrate, with a view to his taking action under this Sanhita, that some person, whether known or unknown, has committed an offence, but does not include a police report. Explanation.—A report made by a police officer in a case which discloses, after investigation, the commission of a non-cognizable offence shall be deemed to be a complaint; and the police officer by whom such report is made shall be deemed to be the complainant; (f) ""electronic communication"" means the communication of any written, verbal, pictorial information or video content transmitted (whether from one person to another, from one device to another or from a person to a device or from a device to a person) by means of an electronic device including but not limited to—a telephone, a mobile or cellular phone, or other wireless telecommunication device, or a computer, or audio-video pl

[SOURCE: 250882_english_01042024_0.pdf | chunk:104 | score:0.382]
 electronic or digital record and such record shall, subject to section 63, have the same legal effect, validity and enforceability as other document. 62.The contents of electronic records may be proved in accordance with the provisions of section 63. 63.(1) Notwithstanding anything contained in this Adhiniyam, any information contained in an electronic record which is printed on paper, stored, recorded or copied in optical or magnetic media or semiconductor memory which is produced by a computer or any communication device or otherwise stored, recorded or copied in any electronic form (hereinafter referred to as the computer output) shall be deemed to be also a document, if the conditions mentioned in this section are satisfied in relation to the information and Cases in which secondary evidence relating to documents may be given. Electronic or digital record. Special provisions as to e

[SOURCE: Bharatiya_Nagarik_Suraksha_Sanhita,_2023.pdf | chunk:563 | score:0.361]
 practicable, be recorded by audio-video electronic means preferably mobile phone and such recording shall be kept in such manner as the Court may direct. (6) In prosecution for offences under this Sanhita, voluntary absence of accused after the trial has commenced under sub-section ( 1) shall not prevent continuing the trial including the pronouncement of the judgment even if he is arrested and produced or appears at the conclusion of such trial. (7) No appeal shall lie against the judgment under this section unless the proclaimed offender presents himself before the Court of appeal: Provided that no appeal against conviction shall lie after the expiry of three years from the date of the judgment. (8) The State may, by notification, extend the provisions of this section to any absconder mentioned in sub-section (1) of section 84 of this Sanhita. 357. If the accused, though not a person 

[SOURCE: 250882_english_01042024_0.pdf | chunk:107 | score:0.352]
contained is derived was regularly fed into the computer orcommunication device in the ordinary course of the said activities; (c) throughout the material part of the said period, the computer or communication device was operating properly or, if not, then in respect of any period in which it was not operating properly or was out of operation during that part of the period, was not such as to affect the electronic record or the accuracy of its contents; and (d) the information contained in the electronic record reproduces or is derived from such information fed into the computer orcommunication device in the ordinary course of the said activities. (3) Where over any period, the function of creating, storing or processing information for the purposes of any activity regularly carried on over that period as mentioned in clause (a) of sub-section (2) was regularly performed by means of one 

[SOURCE: 250882_english_01042024_0.pdf | chunk:106 | score:0.347]
ence or any contents of the original or of any fact stated therein of which direct evidence would be admissible. (2) The conditions referred to in sub-section (1) in respect of a computer output shall be the following, namely:— (a) the computer output containing the information was produced by the computer or communication device during the period over which the computer or communication device was used regularly to create, store or process information for the purposes of any activity regularly carried on over that period by the person having lawful control over the use of the computer or communication device; (b) during the said period, information of the kind contained in the electronic record or of the kind from which the information so contained is derived was regularly fed into the computer orcommunication device in the ordinary course of the said activities; (c) throughout the mate

QUESTION:
Under BNSS 2023, what does “audio-video electronic” mean?

Answer with citations. 
<|assistant|>
In BNSS 2023, the term ""audio-video electronic"" means the communication of any written, verbal, or pictorial information or video content transmitted (whether from one person to another, from one device to another, or from a person to a device or from a device to a person) by means of an electronic device, including but not limited to a telephone, mobile or cellular phone, or other wireless telecommunication device, or a computer, or audio-video plank.","It includes using communication devices for video conferencing and for recording processes like identification, search and seizure, or evidence, as provided by rules."
TinyLlama/TinyLlama-1.1B-Chat-v1.0 | sentence-transformers/all-MiniLM-L6-v2 | dense | k=6,q7_bnss_electronic_communication,"Under BNSS 2023, what is “electronic communication”?",6,1,0.16666666666666666,1.0,0,8.068305835000046,1730,"Bharatiya_Nagarik_Suraksha_Sanhita,_2023.pdf",0.5508619546890259,"<|system|>
You are a careful assistant. Answer strictly from CONTEXT.
If the answer is not in the context, say: ""I don't know based on the provided documents."".
Cite sources like (doc_id, chunk_id). 
<|user|>
CONTEXT:
[SOURCE: Bharatiya_Nagarik_Suraksha_Sanhita,_2023.pdf | chunk:44 | score:0.551]
 made orally or in writing to a Magistrate, with a view to his taking action under this Sanhita, that some person, whether known or unknown, has committed an offence, but does not include a police report. Explanation.—A report made by a police officer in a case which discloses, after investigation, the commission of a non-cognizable offence shall be deemed to be a complaint; and the police officer by whom such report is made shall be deemed to be the complainant; (f) ""electronic communication"" means the communication of any written, verbal, pictorial information or video content transmitted (whether from one person to another, from one device to another or from a person to a device or from a device to a person) by means of an electronic device including but not limited to—a telephone, a mobile or cellular phone, or other wireless telecommunication device, or a computer, or audio-video pl

[SOURCE: 250882_english_01042024_0.pdf | chunk:107 | score:0.426]
contained is derived was regularly fed into the computer orcommunication device in the ordinary course of the said activities; (c) throughout the material part of the said period, the computer or communication device was operating properly or, if not, then in respect of any period in which it was not operating properly or was out of operation during that part of the period, was not such as to affect the electronic record or the accuracy of its contents; and (d) the information contained in the electronic record reproduces or is derived from such information fed into the computer orcommunication device in the ordinary course of the said activities. (3) Where over any period, the function of creating, storing or processing information for the purposes of any activity regularly carried on over that period as mentioned in clause (a) of sub-section (2) was regularly performed by means of one 

[SOURCE: 250882_english_01042024_0.pdf | chunk:106 | score:0.407]
ence or any contents of the original or of any fact stated therein of which direct evidence would be admissible. (2) The conditions referred to in sub-section (1) in respect of a computer output shall be the following, namely:— (a) the computer output containing the information was produced by the computer or communication device during the period over which the computer or communication device was used regularly to create, store or process information for the purposes of any activity regularly carried on over that period by the person having lawful control over the use of the computer or communication device; (b) during the said period, information of the kind contained in the electronic record or of the kind from which the information so contained is derived was regularly fed into the computer orcommunication device in the ordinary course of the said activities; (c) throughout the mate

[SOURCE: Bharatiya_Nagarik_Suraksha_Sanhita,_2023.pdf | chunk:42 | score:0.402]
rt title, extent and commencement. AS INTRODUCED IN LOK SABHA Bill No. 122 of 2023 5 10 2 Explanation.—In this section, ""tribal areas"" means the territories which immediately before the 21st day of January, 1972, were included in the tribal areas of Assam, as referred to in paragraph 20 of the Sixth Schedule to the Constitution, other than those within the local limits of the municipality of Shillong. (3) It shall come into force on such date as the Central Government may, by notification in the Official Gazette, appoint. 2. (1) In this Sanhita, unless the context otherwise requires,— (a) ""audio-video electronic"" means shall include use of any communication device for the purposes of video conferencing, recording of processes of identification, search and seizure or evidence, transmission of electronic communication and for such other purposes and by such other means as the State Governm

[SOURCE: 250882_english_01042024_0.pdf | chunk:109 | score:0.384]
 is desired to give a statement in evidence by virtue of this section, a certificate doing any of the following things shall be submitted along with the electronic record at each instance where it is being submitted for admission, namely:— (a) identifying the electronic record containing the statement and describing the manner in which it was produced; (b) giving such particulars of any device involved in the production of that electronic record as may be appropriate for the purpose of showing that the electronic record was produced by a computer or a communication device referred to in clauses (a) to (e) of sub-section (3); (c) dealing with any of the matters to which the conditions mentioned in sub-section (2) relate, and purporting to be signed by a person in charge of the computer or communication device or the management of the relevant activities (whichever is appropriate) and an e

[SOURCE: 250882_english_01042024_0.pdf | chunk:104 | score:0.375]
 electronic or digital record and such record shall, subject to section 63, have the same legal effect, validity and enforceability as other document. 62.The contents of electronic records may be proved in accordance with the provisions of section 63. 63.(1) Notwithstanding anything contained in this Adhiniyam, any information contained in an electronic record which is printed on paper, stored, recorded or copied in optical or magnetic media or semiconductor memory which is produced by a computer or any communication device or otherwise stored, recorded or copied in any electronic form (hereinafter referred to as the computer output) shall be deemed to be also a document, if the conditions mentioned in this section are satisfied in relation to the information and Cases in which secondary evidence relating to documents may be given. Electronic or digital record. Special provisions as to e

QUESTION:
Under BNSS 2023, what is “electronic communication”?

Answer with citations. 
<|assistant|>
The definition of ""electronic communication"" in BNSS 2023 is ""the communication of any written, verbal, pictorial information or video content transmitted (whether from one person to another, from one device to another or from a person to a device or from a device to a person) by means of an electronic device including but not limited to—a telephone, mobile or cellular phone, or other wireless telecommunication device, or a computer, or audio-video pl

(f) ""electronic record"" means the electronic or digital record produced by means of one or more electronic devices, including but not limited to—a telephone, mobile or cellular phone, or other wireless telecommunication device, or a computer, or audio-video pl

(c) throughout the mate

(d) the information contained in the electronic record of which direct evidence would be admissible.","Electronic communication is transmission of written, verbal, pictorial or video content between persons/devices via electronic devices."
TinyLlama/TinyLlama-1.1B-Chat-v1.0 | sentence-transformers/all-MiniLM-L6-v2 | dense | k=6,q8_bnss_bailable_nonbailable,Define “bailable offence” and “non-bailable offence” under BNSS 2023.,6,0,0.0,0.6666666666666666,0,4.300554780000084,1899,"Bharatiya_Nagarik_Suraksha_Sanhita,_2023.pdf",0.6428765058517456,"<|system|>
You are a careful assistant. Answer strictly from CONTEXT.
If the answer is not in the context, say: ""I don't know based on the provided documents."".
Cite sources like (doc_id, chunk_id). 
<|user|>
CONTEXT:
[SOURCE: Bharatiya_Nagarik_Suraksha_Sanhita,_2023.pdf | chunk:809 | score:0.643]
ence, or fine, or both. Ditto Bailable. Ditto. 61 Criminal conspiracy to commit an offence punishable with death, imprisonment for life or rigorous imprisonment for a term of 2 years or upwards. Same as for abetment of the offence which is the object of the conspiracy. According as the offence which is the object of conspiracy is cognizable or non- cognizable. According as offence which is object of conspiracy is bailable or non- bailable. Court by which abetment of the offence which is the object of conspiracy is triable. Any other criminal conspiracy. Imprisonment for 6 months, or fine, or both. Non-cognizable. Bailable. Magistrate of the first class. 62 Attempting to commit offences punishable with imprisonment for life, or imprisonment, and in such attempt doing any act towards the commission of the offence. Imprisonment for life, or imprisonment not exceeding half.of the longest ter

[SOURCE: Bharatiya_Nagarik_Suraksha_Sanhita,_2023.pdf | chunk:807 | score:0.620]
t of either description for a term which may extend to seven years and with fine According as offence abetted is cognizable or non-cognizable. According as offence abetted is bailable or non- bailable. Court by which offence abetted is triable. 58 Concealing design to commit offence punishable with death or imprisonment for life. (i) if that offence be committed, be punished with imprisonment of either description for a term which may extend to seven years; or Ditto non- bailable. Ditto (ii) if the offence be not committed, with imprisonment of either description, for a term which may extend to three years, Ditto bailable Ditto 59 A public servant concealing a design to commit an offence which it is his duty to prevent, if the offence be committed. Imprisonment extending to half of the longest term provided for the offence, or fine, or both. Ditto According as offence abetted is bailable

[SOURCE: Bharatiya_Nagarik_Suraksha_Sanhita,_2023.pdf | chunk:804 | score:0.619]
ion “Magistrate of the first class” and “Any Magistrate” but not including Executive Magistrates; ( ii ) the word “cognizable” stands for “a police officer may arres t without warrant”; and ( iii ) the word “non-cognizable” stands for “a police officer shall not arrest without warrant”. I. –OFFENCES UNDER THE BHARATIYA NYAYA SANHITA Section Offence Punishment Cognizable or non- cognizable Bailable or Non- bailable By what Court triable 1 2 3 4 5 6 49 Punishment of abetment if the act abetted is committed in consequence and where no express provision is made for its punishment. Same as for offence abetted. According as offence abetted is cognizable or non- cognizable. According as offence abetted is bailable or non- bailable. Court by which offence abetted is triable. 50 Punishment of abetment if person abetted does act with different intention from that of abettor. Ditto Ditto Ditto Ditt

[SOURCE: Bharatiya_Nagarik_Suraksha_Sanhita,_2023.pdf | chunk:810 | score:0.619]
 and in such attempt doing any act towards the commission of the offence. Imprisonment for life, or imprisonment not exceeding half.of the longest term, provided for the offence, or fine, or both According as the offence is cognizable or non- cognizable. According as the offence attempted by the offender is bailable or not. The court by which the offence attempted is triable. 64 (1) Rape. Rigorous imprisonment of not less than 10 years but which may extend to imprisonment for life and with fine. Cognizable Non- bailable Court of Session. 160 (1) (2) (3) (4) (5) (6) 64 (2) Rape by a police officer or a public servant or member of armed forces or a person being on the management or on the staff of a jail, remand home or other place of custody or women’s or children’s institution or by a person on the management or on the staff of a hospital, and rape committed by a person in a position of 

[SOURCE: Bharatiya_Nagarik_Suraksha_Sanhita,_2023.pdf | chunk:752 | score:0.615]
f the nature specified in sub-section ( 3) of section 482, may impose any condition which it considers necessary for the purposes mentioned in that sub-section; Bail to require accused to appear before next Appellate Court. Direction for grant of bail to person apprehending arrest. Special powers of High Court or Court of Session regarding bail. 5 10 15 20 25 30 35 40 45 50 147 (b) that any condition imposed by a Magistrate when releasing any person on bail be set aside or modified: Provided that the High Court or the Court of Session shall, before granting bail to a person who is accused of an offence which is triable exclusively by the Court of Session or which, though not so triable, is punishable with imprisonment for life, give notice of the application for bail to the Public Prosecutor unless it is, for reasons to be recorded in writing, of opinion that it is not practicable to giv

[SOURCE: Bharatiya_Nagarik_Suraksha_Sanhita,_2023.pdf | chunk:812 | score:0.615]
e Non- bailable Court of Session. 65(2) Punishment for rape in certain cases. Rigorous imprisonment for a term which shall not be less than twenty years, but which may extend to imprisonment for life, which shall mean imprisonment for the remainder of that person's natural life, and shall also be liable to fine. Rigorous imprisonment of not less than 20 years but which may extend to imprisonment for life which shall mean imprisonment for that person’s natural life and with fine or with death. Cognizable Non- bailable Court of Session. 66 Person committing an offence of rape and inflicting injury which causes death or causes the woman to be in a persistent vegetative state. Rigorous imprisonment of not less than 20 years but which may extend to imprisonment for life which shall mean imprisonment for the remainder of that person’s natural life or with death. Cognizable Non- bailable Court

QUESTION:
Define “bailable offence” and “non-bailable offence” under BNSS 2023.

Answer with citations. 
<|assistant|>
BNSS 2023 defines ""bailable offence"" as an offence punishable with imprisonment for a term of not less than 1 year but which may extend to 5 years or fine, and ""non-bailable offence"" as an offence punishable with imprisonment for a term of not less than 5 years but which may extend to 10 years or fine. The specific offences covered by these definitions are listed in the text.",Bailable offence: shown as bailable in the First Schedule or made bailable by other law. Non-bailable offence: any other offence.
TinyLlama/TinyLlama-1.1B-Chat-v1.0 | sentence-transformers/all-MiniLM-L6-v2 | dense | k=6,q9_goi1935_lists_counts,"As per the notes, what were the three subject lists under the Government of India Act 1935 and how many items did each have?",6,1,0.16666666666666666,1.0,0,3.033942272999866,1631,UNIT III.pdf,0.7276683449745178,"<|system|>
You are a careful assistant. Answer strictly from CONTEXT.
If the answer is not in the context, say: ""I don't know based on the provided documents."".
Cite sources like (doc_id, chunk_id). 
<|user|>
CONTEXT:
[SOURCE: UNIT III.pdf | chunk:15 | score:0.728]
ad become uncommon for British Acts of Parliament to contain a preamble, the absence of one from the Act of 1935 was a sharp departure from the previous Act(s). By now, the Indian demands were centring around the British India being accorded a constitutional parity with other existing Dominions (Australia, Canada, the Irish Free State, New Zealand and the Union of South Africa) which would have meant complete autonomy within the British Commonwealth. III. Salient Features of the Government of India Act, 1935 The features of the Act can be summed up as follows: I. Division of Subjects/All India Federation: It provided for the establishment of an All India Federation consisting of provinces and princely states as units. The Act divided the powers between the Centre and units in terms of three lists—Federal List (for Centre containing 59 items), Provincial Lis t (for provinces containing 54

[SOURCE: UNIT III.pdf | chunk:14 | score:0.657]
e leader Stanley Baldwin. On the basis of the white paper, the Government of India Bill, 1935 was framed which was immensely long containing 473 clauses and 16 schedules and after its passage it came to be known as the Government of India Act, 1935. The Preambular objective of the Government of India Act, 1935 contrasted sharply with the Act of 1919. While the preamble of the Government of India Act, 1919 focused, centred and reaffirmed the statement of the Secretary of State for India, Edwin Montagu, which pledged “the gradual development of self -governing institutions, with a view to the progressive real isation of responsible government in India as an integral part of the British Empire”, the A ct of 1935 seemed devoid of it. While it had become uncommon for British Acts of Parliament to contain a preamble, the absence of one from the Act of 1935 was a sharp departure from the previo

[SOURCE: UNIT III.pdf | chunk:16 | score:0.644]
wers between the Centre and units in terms of three lists—Federal List (for Centre containing 59 items), Provincial Lis t (for provinces containing 54 items) and the Concurrent List (for both containing 36 items). Residuary powers were given to the Viceroy. However, the federation never came into being as the princely states did not join it. But this has formed the basis of Schedule VII of the Constitution of India, 1950 (read with Article 236). The approach to form the federation and implement provincial autonomy paved the way for the division of subjects between the Centre and the Provinces. The division of subjects that were given by the Government of India Act, 1919 was revised and added some more subjects in it by this Act of 1935 and included three lists. These were: • Federal list - 59 items • Provincial list - 54 items • Concurrent list - 36 items 5 The subjects which were of all

[SOURCE: UNIT III.pdf | chunk:27 | score:0.639]
e Government of India Act of 1935 marked the second milestone towards a completely responsible government in India after the Act of 1919. This Act was passed by the British Government in the year 1935. It was one of the lengthiest Acts at that time as it contained 321 sections and 10 schedules. It was also the last constitution of British India, before the country was divided, in 1947, into two parts-India and Pakistan. Once the act was passed the government saw that it was too lengthy to be regulated with efficiency and thus, the government decided to divide it into two parts for the act to function in a proper manner.  THE Act of 1935 served some useful purposes by the experiment of provincial autonomy, thus we can say t hat the Government of India Act 1935 marks a point of no return in the history of constitutional development in India. The Government of India Act 1935 curtailed the 

[SOURCE: UNIT III.pdf | chunk:0 | score:0.637]
UNIT III THE GOVERNMENT OF INDIA ACT, 1935. Background: As the growing demands of populace led by Indian leader for constitutional reforms in India intensified with progression in the British Rule , the evolving administrative arrangements put in place by the British paved the way for a more responsible government in India premised on the fact of maximum representation of Indian s. India’s support to Britain in the First World War also aided in British acknowledgement of the need for the inclusion of more Indians in the administration of their own country. This formed the basis of the passing of the Government of India Act, 1935 by the British Parliament. This legislation was the l ongest Act passed by the British Parliament after its domination and overtaking of administrative control in India . The Act originally passed, being very lengthy, was divided into two separate acts namely, th

[SOURCE: UNIT III.pdf | chunk:9 | score:0.618]
 resolved through the Poona Pact 1932. The second round table conference was deemed a failure to certain extent because of the many disagreements among the participants. The Third Round Table Conference took place between 17 November, 1932 and 24 December, 1932. Not much was achieved in this conference also. The recommendations of this C onference were published in a White Paper in 1933 and later discussed in the British Parliament. The recommendations were analysed and the Government of India Act of 1935 was passed on its basis. II. Government of India Act, 1935 The people of India had increasingly been demanding a greater role in the government of their country since the late nineteenth century. The Indian contribution to the British war effort s and engagements, during the First World War, meant that even the more conservative elements in the British political establishment felt the n

QUESTION:
As per the notes, what were the three subject lists under the Government of India Act 1935 and how many items did each have?

Answer with citations. 
<|assistant|>
The three subject lists under the Government of India Act 1935 were:

1. Federal list - 59 items
2. Provincial list - 54 items
3. Concurrent list - 36 items

Each of these lists had 59 and 54 items, respectively.","Federal List (59), Provincial List (54), Concurrent List (36)."
TinyLlama/TinyLlama-1.1B-Chat-v1.0 | sentence-transformers/all-MiniLM-L6-v2 | dense | k=6,q10_goi1935_provincial_autonomy,"According to the notes, what did “Provincial Autonomy” mean under the Government of India Act 1935, and what timeline is mentioned?",6,1,0.16666666666666666,1.0,0,9.437563452000177,1710,UNIT III.pdf,0.68288254737854,"<|system|>
You are a careful assistant. Answer strictly from CONTEXT.
If the answer is not in the context, say: ""I don't know based on the provided documents."".
Cite sources like (doc_id, chunk_id). 
<|user|>
CONTEXT:
[SOURCE: UNIT III.pdf | chunk:30 | score:0.683]
 the decision making process. Even the workers had their separate representation which helped in the advancement of the workers class.  The Act was the first attempt to give the provinces an autonomous status by freeing them from external interference. Another reason was that this Act provided voting rights to more people than were given under the Government of India Act, 1919.  This Act also proposed to form the federal government that allowed princes to participate in political affairs of India. Conclusion: The Government of India Act, 1935 proved to be a giant leap towards the independence of India and helped in the reorganization of the states. It paved the way for the Indian Independence Act, 1947. British introduced this Act to win the support of modern nationalist and with the aim of maintaining continuity in their rule over the dominion of India. But the Act proved largely to b

[SOURCE: UNIT III.pdf | chunk:18 | score:0.675]
to pass laws on those subjects. In the event of a conflict, the Federal law was to prevail. In order to resolve this point of conflict, the Constitution authorised the Governor General to allocate in his discretion the right to legislate on any subject, not included in the lists, either the Centre or the province II. Provincial Autonomy: It abolished diarchy in the provinces and introduced ‘provincial autonomy’ in its place. The provinces were allowed to act as autonomous units of administration in their defined spheres. Moreover, the Act introduced responsible governments in provinces which meant that the governor was required to act with the advice of ministers re sponsible to the provincial legislature. This came into effect in 1937 but was discontinued later in 1939. A redeeming feature of the new Act was that it marked the beginning of the Provincial Autonomy. It was definitely an a

[SOURCE: UNIT III.pdf | chunk:28 | score:0.660]
nt of India Act 1935 marks a point of no return in the history of constitutional development in India. The Government of India Act 1935 curtailed the powers concentrated in the hands of the Central Government and distributed it by ensuring that a decentralised form of government shapes away in India . Separate electorates for women, although they had not asked for it, was quite good for the advancement of women in the decision making process. Even the workers had their separate representation which helped in the advancement of the workers class. This Act was the first attempt to give the provinces an autonomous status by freeing them from external interference. The appointment of the Governor-General and governors, of course, remained in the h ands of the British government and they were not responsible to the legislatures. The act never came near the objective that the nationalist movem

[SOURCE: UNIT III.pdf | chunk:31 | score:0.629]
the support of modern nationalist and with the aim of maintaining continuity in their rule over the dominion of India. But the Act proved largely to be disappointing because it did not hold out assurance about granting Dominion Status, not did it consider sympathetically the feelings and urges of politically conscious Indian populace. It also said nothing regarding the fundamental rights of the people. It only showed the dominion of the British Government over the Indians. In spite of the drawbacks, the Act had its own significance for this Act provided a basis for negotiation between Britishers and Indians for getting independence. The Government of India Act 1935, however, had introduced several features which later formed the nucleus of the present Constitution. The Government of India Act 1935 marks, in fact, a watershed moment in the Constitutional history of India. CRIPPS MISSION I

[SOURCE: UNIT III.pdf | chunk:19 | score:0.622]
was discontinued later in 1939. A redeeming feature of the new Act was that it marked the beginning of the Provincial Autonomy. It was definitely an advance on the Act of 1919. The provinces were allowed to act as autonomous units of administration in their defined spheres. Moreover, the Act introduced responsible governments in provinces, that is, the governor was required to act with the advice of ministers responsible to the provi ncial legislature. This came into effect in 1937 and was discontinued in 1939. This, however, does not mean that the Act of 1935 established a full-fledged responsible Government in the Provinces. The Ministers were not absolutely free in matter of running their departments. The Governors continued to possess a set of overriding powers although such powers were not exercised very often. III. Bicameralism: It introduced bicameralism in six out of eleven provi

[SOURCE: UNIT III.pdf | chunk:15 | score:0.615]
ad become uncommon for British Acts of Parliament to contain a preamble, the absence of one from the Act of 1935 was a sharp departure from the previous Act(s). By now, the Indian demands were centring around the British India being accorded a constitutional parity with other existing Dominions (Australia, Canada, the Irish Free State, New Zealand and the Union of South Africa) which would have meant complete autonomy within the British Commonwealth. III. Salient Features of the Government of India Act, 1935 The features of the Act can be summed up as follows: I. Division of Subjects/All India Federation: It provided for the establishment of an All India Federation consisting of provinces and princely states as units. The Act divided the powers between the Centre and units in terms of three lists—Federal List (for Centre containing 59 items), Provincial Lis t (for provinces containing 54

QUESTION:
According to the notes, what did “Provincial Autonomy” mean under the Government of India Act 1935, and what timeline is mentioned?

Answer with citations. 
<|assistant|>
The notes state that the Government of India Act 1935 marked the beginning of the Provincial Autonomy, which meant that the provinces were allowed to act as autonomous units of administration in their defined spheres. The Act was discontinued later in 1939, but the provinces were allowed to act as autonomous units of administration in their defined spheres. The Act introduced responsible governments in provinces, which meant that the governor was required to act with the advice of ministers responsible to the provincial legislature. This came into effect in 1937 and was discontinued in 1939. The Act of 1935 established a full-fledged responsible Government in the Provinces, but the Ministers were not absolutely free in matters of running their departments. The Governors continued to possess a set of overriding powers although such powers were not exercised very often. The Act of 1935 marked the beginning of the Provincial Autonomy, which meant that the provinces were allowed to act as autonomous units of administration in their defined spheres.",Provincial autonomy abolished diarchy in provinces; governors acted with advice of responsible ministers. Notes mention it came into effect in 1937 and was discontinued in 1939.
TinyLlama/TinyLlama-1.1B-Chat-v1.0 | sentence-transformers/all-mpnet-base-v2 | dense | k=3,q1_scope_bsa,"Where does the Bharatiya Sakshya Adhiniyam, 2023 apply, and what does it exclude?",3,0,0.0,0.0,0,3.2185074640001403,1218,250882_english_01042024_0.pdf,0.6168858408927917,"<|system|>
You are a careful assistant. Answer strictly from CONTEXT.
If the answer is not in the context, say: ""I don't know based on the provided documents."".
Cite sources like (doc_id, chunk_id). 
<|user|>
CONTEXT:
[SOURCE: 250882_english_01042024_0.pdf | chunk:1 | score:0.617]
2023@ ikS""k 4] 1945 ¼'kd½ No. 55] NEW DELHI, MONDAY, DECEMBER 25, 2023/PAUSHA 4, 1945 (SAKA) bl Hkkx esa fHkUu i`""B la[;k nh tkrh gS ftlls fd ;g vyx ladyu ds :i esa j[kk tk ldsA Separate paging is given to this Part in order that it may be filed as a separate compilation. xxxGIDHxxx xxxGIDExxx jftLVªh lañ Mhñ ,yñ —( ,u)04@0007@2003 — 23 REGISTERED NO. DL—(N)04/0007/2003—23 MINISTRY OF LA W AND JUSTICE (Legislative Department) New Delhi, the25th December ,2023/Pausha4,1945 (Saka) The following Act of Parliament received the assent of the President on the 25th December, 2023 and is hereby published for general information:— सी.जी.-डी.एल.-अ.-25122023-250882 CG-DL-E-25122023-250882 (3) It shall come into force on such date as the Central Government may, by notification in the Official Gazette, appoint. 2.(1) In this Adhiniyam, unless the context otherwise requires,— (a) ""Court"" includes all 

[SOURCE: Bharatiya_Nagarik_Suraksha_Sanhita,_2023.pdf | chunk:1005 | score:0.601]
ugh electronic means, like video conferencing. The magisterial system has also been streamlined. 6. The Notes on Clauses explains the various provisions of the Bill. 7. The Bill seeks to achieve the above objectives. N EW DELHI; The 9th August, 2023. AMIT SHAH. 243 NOTES ON CLAUSES Clause 1 of the Bill seeks to provide for short title, extent and commencement. Clause 2 of the Bill seeks to provide to Definitions. This Clause relates to definition of certain expressions used in the proposed legislation. Clause 3 of the Bill relates to Construction of references. Clause 4 of the Bill relates to Trial of offences under Bhartiya Nyaya Sanhita and other laws. This Clause provides all offences under the Bhartiya Nyaya Sanhita, 2023 shall be investigated, inquired into, tried, and otherwise dealt with according to the provisions. Clause 5 of the Bill relates to Saving. This Clause provides, in 

[SOURCE: Bharatiya_Nyaya_Sanhita,_2023.pdf | chunk:33 | score:0.589]
ws:–– CHAPTER I PRELIMINARY 1. (1) This Act may be called the Bharatiya Nyaya Sanhita, 2023. (2) It shall come into force on such date as the Central Government may, by notification in the Official Gazette, appoint, and different dates may be appointed for different provisions of the Sanhita. Short title, commencement and application. AS INTRODUCED IN LOK SABHA Bill No. 121 of 2023 5 2 (3) Every person shall be liable to punishment under this Sanhita and not otherwise for every act or omission contrary to the provisions thereof, of which he shall be guilty within India. (4) Any person liable, by any law for the time being in force in India, to be tried for an offence committed beyond India shall be dealt with according to the provisions of this Sanhita for any act committed beyond India in the same manner as if such act had been committed within India. (5) The provisions of this Sanhita

QUESTION:
Where does the Bharatiya Sakshya Adhiniyam, 2023 apply, and what does it exclude?

Answer with citations. 
<|assistant|>
The Bharatiya Sakshya Adhiniyam, 2023 applies to all provisions of the proposed legislation, including those that are not specifically mentioned in the text. However, some provisions may be excluded from the application of the Bill, such as those related to the magisterial system and the definition of certain terms.","It applies to all judicial proceedings in or before any Court (including courts-martial), but not to affidavits and not to proceedings before an arbitrator."
TinyLlama/TinyLlama-1.1B-Chat-v1.0 | sentence-transformers/all-mpnet-base-v2 | dense | k=3,q2_commencement_bsa,"How does the Bharatiya Sakshya Adhiniyam, 2023 come into force?",3,1,0.3333333333333333,1.0,0,1.8532844910000676,1206,250882_english_01042024_0.pdf,0.6298543810844421,"<|system|>
You are a careful assistant. Answer strictly from CONTEXT.
If the answer is not in the context, say: ""I don't know based on the provided documents."".
Cite sources like (doc_id, chunk_id). 
<|user|>
CONTEXT:
[SOURCE: 250882_english_01042024_0.pdf | chunk:1 | score:0.630]
2023@ ikS""k 4] 1945 ¼'kd½ No. 55] NEW DELHI, MONDAY, DECEMBER 25, 2023/PAUSHA 4, 1945 (SAKA) bl Hkkx esa fHkUu i`""B la[;k nh tkrh gS ftlls fd ;g vyx ladyu ds :i esa j[kk tk ldsA Separate paging is given to this Part in order that it may be filed as a separate compilation. xxxGIDHxxx xxxGIDExxx jftLVªh lañ Mhñ ,yñ —( ,u)04@0007@2003 — 23 REGISTERED NO. DL—(N)04/0007/2003—23 MINISTRY OF LA W AND JUSTICE (Legislative Department) New Delhi, the25th December ,2023/Pausha4,1945 (Saka) The following Act of Parliament received the assent of the President on the 25th December, 2023 and is hereby published for general information:— सी.जी.-डी.एल.-अ.-25122023-250882 CG-DL-E-25122023-250882 (3) It shall come into force on such date as the Central Government may, by notification in the Official Gazette, appoint. 2.(1) In this Adhiniyam, unless the context otherwise requires,— (a) ""Court"" includes all 

[SOURCE: Bharatiya_Nagarik_Suraksha_Sanhita,_2023.pdf | chunk:1005 | score:0.568]
ugh electronic means, like video conferencing. The magisterial system has also been streamlined. 6. The Notes on Clauses explains the various provisions of the Bill. 7. The Bill seeks to achieve the above objectives. N EW DELHI; The 9th August, 2023. AMIT SHAH. 243 NOTES ON CLAUSES Clause 1 of the Bill seeks to provide for short title, extent and commencement. Clause 2 of the Bill seeks to provide to Definitions. This Clause relates to definition of certain expressions used in the proposed legislation. Clause 3 of the Bill relates to Construction of references. Clause 4 of the Bill relates to Trial of offences under Bhartiya Nyaya Sanhita and other laws. This Clause provides all offences under the Bhartiya Nyaya Sanhita, 2023 shall be investigated, inquired into, tried, and otherwise dealt with according to the provisions. Clause 5 of the Bill relates to Saving. This Clause provides, in 

[SOURCE: Bharatiya_Nagarik_Suraksha_Sanhita,_2023.pdf | chunk:1146 | score:0.549]
l so exercise its superintendence over the Courts of Sessions and Courts of Judicial Magistrates subordinate to it as to ensure that there is an expeditious and proper disposal of cases by the Judges and Magistrates. Clause 532 of the Bill relates to trial and proceedings to be held in electronic mode. This Clause provides that trials and proceedings under this Code, may be held in electronic mode, by use of electronic communication or use of audio-video electronic means. Clause 533 of the Bill relates to repeal and savings. This Clause provides that the Code of Criminal Procedure, 1973 is repealed. FINANCIAL MEMORANDUM The Bharatiya Nyaya Sanhita Bill, 2023, if enacted, is not likely to involve any expenditure, either recurring or non-recurring, from and out of the Consolidated Fund of India. 278 MEMORANDUM REGARDING DELEGATED LEGISLATION Sub-clause (a) of clause 2 of the Bill empowers

QUESTION:
How does the Bharatiya Sakshya Adhiniyam, 2023 come into force?

Answer with citations. 
<|assistant|>
The Bharatiya Sakshya Adhiniyam, 2023, comes into force on such date as the Central Government may, by notification in the Official Gazette, appoint.",It comes into force on a date appointed by the Central Government by notification in the Official Gazette.
TinyLlama/TinyLlama-1.1B-Chat-v1.0 | sentence-transformers/all-mpnet-base-v2 | dense | k=3,q3_document_definition,"How is a “document” defined, and does it include electronic/digital records? Give examples.",3,1,0.3333333333333333,1.0,0,9.272489493999956,1109,"Bharatiya_Nyaya_Sanhita,_2023.pdf",0.7947247624397278,"<|system|>
You are a careful assistant. Answer strictly from CONTEXT.
If the answer is not in the context, say: ""I don't know based on the provided documents."".
Cite sources like (doc_id, chunk_id). 
<|user|>
CONTEXT:
[SOURCE: Bharatiya_Nyaya_Sanhita,_2023.pdf | chunk:37 | score:0.795]
g of an act with the intention of causing wrongful gain to one person or wrongful loss to another person; (7) “document” means any matter expressed or described upon any substance by means of letters, figures or marks, or by more than one of those means, intended to be used, or which may be used, as evidence of that matter. Explanation 1.—It is immaterial by what means or upon what substance the letters, figures or marks are formed, or whether the evidence is intended for, or may be used in a Court or not. Definitions. 5 10 15 20 25 30 35 40 45 3 Illustrations. (a) A writing expressing the terms of a contract, which may be used as evidence of the contract, is a document. (b) A cheque upon a banker is a document. (c) A power-of-attorney is a document. (d) A Map or plan which is intended to be used or which may be used as evidence, is a document. (e) A writing containing directions or inst

[SOURCE: 250882_english_01042024_0.pdf | chunk:3 | score:0.710]
ular case, to act upon the supposition that it does not exist; (d) ""document"" means any matter expressed or described or otherwise recorded upon any substance by means of letters, figures or marks or any other means or by more than one of those means, intended to be used, or which may be used, for the purpose of recording that matter and includes electronic and digital records. Illustrations. (i) A writing is a document. (ii) Words printed, lithographed or photographed are documents. (iii) A map or plan is a document. (iv) An inscription on a metal plate or stone is a document. (v) A caricature is a document. (vi) An electronic record on emails, server logs, documents on computers, laptop or smartphone, messages, websites, locational evidence and voice mail messages stored on digital devices are documents; (e) ""evidence"" means and includes— (i) all statements including statements given e

[SOURCE: 250882_english_01042024_0.pdf | chunk:104 | score:0.669]
 electronic or digital record and such record shall, subject to section 63, have the same legal effect, validity and enforceability as other document. 62.The contents of electronic records may be proved in accordance with the provisions of section 63. 63.(1) Notwithstanding anything contained in this Adhiniyam, any information contained in an electronic record which is printed on paper, stored, recorded or copied in optical or magnetic media or semiconductor memory which is produced by a computer or any communication device or otherwise stored, recorded or copied in any electronic form (hereinafter referred to as the computer output) shall be deemed to be also a document, if the conditions mentioned in this section are satisfied in relation to the information and Cases in which secondary evidence relating to documents may be given. Electronic or digital record. Special provisions as to e

QUESTION:
How is a “document” defined, and does it include electronic/digital records? Give examples.

Answer with citations. 
<|assistant|>
The definition of a ""document"" includes any matter expressed or described or otherwise recorded upon any substance by means of letters, figures, or marks, or by more than one of those means, intended to be used, or which may be used, for the purpose of recording that matter. Examples of documents include:

1. A writing, including a contract, will be a document.

2. A map or plan, including a digital map or plan, is a document.

3. An inscription on a metal plate or stone, including a digital inscription, is a document.

4. An electronic or digital record, including emails, server logs, documents on computers, laptop or smartphone, messages, websites, and locational evidence, is a document.

5. All statements, including statements given in electronic or digital form, are documents.

6. Electronic or digital records, including computer output, are also considered documents.

7. Secondary evidence, such as a copy of a document, can be given in cases where the original document is not available.",A document includes electronic/digital records; examples include emails and server logs (and other digital records on devices).
TinyLlama/TinyLlama-1.1B-Chat-v1.0 | sentence-transformers/all-mpnet-base-v2 | dense | k=3,q4_evidence_definition,"What is “evidence” under the Bharatiya Sakshya Adhiniyam, 2023?",3,0,0.0,0.0,0,2.8170351539997682,1148,250882_english_01042024_0.pdf,0.6675561666488647,"<|system|>
You are a careful assistant. Answer strictly from CONTEXT.
If the answer is not in the context, say: ""I don't know based on the provided documents."".
Cite sources like (doc_id, chunk_id). 
<|user|>
CONTEXT:
[SOURCE: 250882_english_01042024_0.pdf | chunk:2 | score:0.668]
ment may, by notification in the Official Gazette, appoint. 2.(1) In this Adhiniyam, unless the context otherwise requires,— (a) ""Court"" includes all Judges and Magistrates, and all persons, except arbitrators, legally authorised to take evidence; (b) ""conclusive proof"" means when one fact is declared by this Adhiniyam to be conclusive proof of another, the Court shall, on proof of the one fact, regard the other as proved, and shall not allow evidence to be given for the purpose of disproving it; (c) ""disproved"" in relation to a fact, means when, after considering the matters before it, the Court either believes that it does not exist, or considers its non-existence so probable that a prudent man ought, under the circumstances of the particular case, to act upon the supposition that it does not exist; (d) ""document"" means any matter expressed or described or otherwise recorded upon any s

[SOURCE: Bharatiya_Nagarik_Suraksha_Sanhita,_2023.pdf | chunk:1116 | score:0.656]
s. Clause 327 of the Bill relates to identification report of Magistrate. Clause 328 of the Bill relates to evidence of officers of the Mint. Clause 329 of the Bill relates to reports of certain Government scientific experts. Clause 330 of the Bill relates to no formal proof of certain documents. Clause 331 of the Bill relates to affidavit in proof of conduct of public servants. This Clause provides that any application is made to any Court in the course of any inquiry, trial or other proceeding under this Sanhita, and allegations are made therein respecting any public servant, the applicant may give evidence of the facts alleged in the 269 application by affidavit, and the Court may, if it thinks fit, order that evidence relating to such facts be so given. Clause 332 of the Bill relates to evidence of formal character on affidavit. Clause 333 of the Bill relates to authorities before wh

[SOURCE: 250882_english_01042024_0.pdf | chunk:0 | score:0.646]
THE BHARA TIY A SAKSHY A ADHINIY AM, 2023 NO. 47 OF 2023 [25th December ,2023.] An Act to consolidate and to provide for general rules and principles of evidence for fair trial. BE it enacted by Parliament in the Seventy-fourth Year of the Republic of India as follows:— P AR T I CHAPTER I PRELIMINARY 1.(1) This Act may be called the Bharatiya Sakshya Adhiniyam, 2023. (2) It applies to all judicial proceedings in or before any Court, including Courts-martial, but not to affidavits presented to any Court or officer, nor to proceedings before an arbitrator. Short title, application and commencement. vlk/kkj.k EXTRAORDINARY Hkkx II — [k.M 1 P ART II — Section 1 izkf/kdkj ls izdkf'kr PUBLISHED BY AUTHORITY lañ 55] ubZ fnYyh] lkseokj] fnlEcj 25] 2023@ ikS""k 4] 1945 ¼'kd½ No. 55] NEW DELHI, MONDAY, DECEMBER 25, 2023/PAUSHA 4, 1945 (SAKA) bl Hkkx esa fHkUu i`""B la[;k nh tkrh gS ftlls fd ;g vyx l

QUESTION:
What is “evidence” under the Bharatiya Sakshya Adhiniyam, 2023?

Answer with citations. 
<|assistant|>
The Bharatiya Sakshya Adhiniyam, 2023 provides for evidence of formal character on affidavit. This includes evidence of formal documents, such as contracts, deeds, and certificates. The evidence must be sworn to and signed by the person making the statement.","Evidence includes oral evidence (statements permitted/required from witnesses, including electronic statements) and documentary evidence (documents including electronic/digital records)."
TinyLlama/TinyLlama-1.1B-Chat-v1.0 | sentence-transformers/all-mpnet-base-v2 | dense | k=3,q5_conclusive_proof,"What does “conclusive proof” mean in the Bharatiya Sakshya Adhiniyam, 2023?",3,0,0.0,0.5,0,10.048708010000155,1157,250882_english_01042024_0.pdf,0.6731681823730469,"<|system|>
You are a careful assistant. Answer strictly from CONTEXT.
If the answer is not in the context, say: ""I don't know based on the provided documents."".
Cite sources like (doc_id, chunk_id). 
<|user|>
CONTEXT:
[SOURCE: 250882_english_01042024_0.pdf | chunk:2 | score:0.673]
ment may, by notification in the Official Gazette, appoint. 2.(1) In this Adhiniyam, unless the context otherwise requires,— (a) ""Court"" includes all Judges and Magistrates, and all persons, except arbitrators, legally authorised to take evidence; (b) ""conclusive proof"" means when one fact is declared by this Adhiniyam to be conclusive proof of another, the Court shall, on proof of the one fact, regard the other as proved, and shall not allow evidence to be given for the purpose of disproving it; (c) ""disproved"" in relation to a fact, means when, after considering the matters before it, the Court either believes that it does not exist, or considers its non-existence so probable that a prudent man ought, under the circumstances of the particular case, to act upon the supposition that it does not exist; (d) ""document"" means any matter expressed or described or otherwise recorded upon any s

[SOURCE: 250882_english_01042024_0.pdf | chunk:102 | score:0.564]
the existence, condition or contents of the original have been proved to be admitted in writing by the person against whom it is proved or by his representative in interest; (c) when the original has been destroyed or lost, or when the party offering evidence of its contents cannot, for any other reason not arising from his own default or neglect, produce it in reasonable time; (d) when the original is of such a nature as not to be easily movable; (e) when the original is a public document within the meaning of section 74; (f) when the original is a document of which a certified copy is permitted by this Adhiniyam, or by any other law in force in India to be given in evidence; (g) when the originals consist of numerous accounts or other documents which cannot conveniently be examined in Court, and the fact to be proved is the general result of the whole collection. Explanation.—For the p

[SOURCE: Bharatiya_Nagarik_Suraksha_Sanhita,_2023.pdf | chunk:1116 | score:0.558]
s. Clause 327 of the Bill relates to identification report of Magistrate. Clause 328 of the Bill relates to evidence of officers of the Mint. Clause 329 of the Bill relates to reports of certain Government scientific experts. Clause 330 of the Bill relates to no formal proof of certain documents. Clause 331 of the Bill relates to affidavit in proof of conduct of public servants. This Clause provides that any application is made to any Court in the course of any inquiry, trial or other proceeding under this Sanhita, and allegations are made therein respecting any public servant, the applicant may give evidence of the facts alleged in the 269 application by affidavit, and the Court may, if it thinks fit, order that evidence relating to such facts be so given. Clause 332 of the Bill relates to evidence of formal character on affidavit. Clause 333 of the Bill relates to authorities before wh

QUESTION:
What does “conclusive proof” mean in the Bharatiya Sakshya Adhiniyam, 2023?

Answer with citations. 
<|assistant|>
In the Bharatiya Sakshya Adhiniyam, 2023, ""conclusive proof"" means when one fact is declared by the Court to be conclusive proof of another, the Court shall, on proof of the one fact, regard the other as proved, and shall not allow evidence to be given for the purpose of disproving it. The term ""conclusive proof"" is not defined in the Adhiniyam, but it is mentioned in section 2(1) of the Adhiniyam, which states that ""conclusive proof"" means when one fact is declared by the Court to be conclusive proof of another, the Court shall, on proof of the one fact, regard the other as proved, and shall not allow evidence to be given for the purpose of disproving it. The term ""conclusive proof"" is also mentioned in section 2(c) of the Adhiniyam, which states that ""document"" means any matter expressed or described or otherwise recorded upon any subject matter. The term ""document"" is not defined in the Adhiniyam, but it is mentioned in section 2(d) of","If one fact is declared conclusive proof of another, once the first is proved the Court must regard the second as proved and cannot allow evidence to disprove it."
TinyLlama/TinyLlama-1.1B-Chat-v1.0 | sentence-transformers/all-mpnet-base-v2 | dense | k=3,q6_bnss_audio_video_electronic,"Under BNSS 2023, what does “audio-video electronic” mean?",3,1,0.3333333333333333,1.0,0,2.6753243330001624,890,"Bharatiya_Nagarik_Suraksha_Sanhita,_2023.pdf",0.45832180976867676,"<|system|>
You are a careful assistant. Answer strictly from CONTEXT.
If the answer is not in the context, say: ""I don't know based on the provided documents."".
Cite sources like (doc_id, chunk_id). 
<|user|>
CONTEXT:
[SOURCE: Bharatiya_Nagarik_Suraksha_Sanhita,_2023.pdf | chunk:42 | score:0.458]
rt title, extent and commencement. AS INTRODUCED IN LOK SABHA Bill No. 122 of 2023 5 10 2 Explanation.—In this section, ""tribal areas"" means the territories which immediately before the 21st day of January, 1972, were included in the tribal areas of Assam, as referred to in paragraph 20 of the Sixth Schedule to the Constitution, other than those within the local limits of the municipality of Shillong. (3) It shall come into force on such date as the Central Government may, by notification in the Official Gazette, appoint. 2. (1) In this Sanhita, unless the context otherwise requires,— (a) ""audio-video electronic"" means shall include use of any communication device for the purposes of video conferencing, recording of processes of identification, search and seizure or evidence, transmission of electronic communication and for such other purposes and by such other means as the State Governm

[SOURCE: 250882_english_01042024_0.pdf | chunk:109 | score:0.395]
 is desired to give a statement in evidence by virtue of this section, a certificate doing any of the following things shall be submitted along with the electronic record at each instance where it is being submitted for admission, namely:— (a) identifying the electronic record containing the statement and describing the manner in which it was produced; (b) giving such particulars of any device involved in the production of that electronic record as may be appropriate for the purpose of showing that the electronic record was produced by a computer or a communication device referred to in clauses (a) to (e) of sub-section (3); (c) dealing with any of the matters to which the conditions mentioned in sub-section (2) relate, and purporting to be signed by a person in charge of the computer or communication device or the management of the relevant activities (whichever is appropriate) and an e

[SOURCE: 250882_english_01042024_0.pdf | chunk:106 | score:0.389]
ence or any contents of the original or of any fact stated therein of which direct evidence would be admissible. (2) The conditions referred to in sub-section (1) in respect of a computer output shall be the following, namely:— (a) the computer output containing the information was produced by the computer or communication device during the period over which the computer or communication device was used regularly to create, store or process information for the purposes of any activity regularly carried on over that period by the person having lawful control over the use of the computer or communication device; (b) during the said period, information of the kind contained in the electronic record or of the kind from which the information so contained is derived was regularly fed into the computer orcommunication device in the ordinary course of the said activities; (c) throughout the mate

QUESTION:
Under BNSS 2023, what does “audio-video electronic” mean?

Answer with citations. 
<|assistant|>
The answer is: ""audio-video electronic"" means shall include use of any communication device for the purposes of video conferencing, recording of processes of identification, search and seizure or evidence, transmission of electronic communication, and for such other purposes and by such other means as the State Governments may determine.","It includes using communication devices for video conferencing and for recording processes like identification, search and seizure, or evidence, as provided by rules."
TinyLlama/TinyLlama-1.1B-Chat-v1.0 | sentence-transformers/all-mpnet-base-v2 | dense | k=3,q7_bnss_electronic_communication,"Under BNSS 2023, what is “electronic communication”?",3,1,0.3333333333333333,1.0,0,10.127099339999859,1062,"Bharatiya_Nagarik_Suraksha_Sanhita,_2023.pdf",0.5411467552185059,"<|system|>
You are a careful assistant. Answer strictly from CONTEXT.
If the answer is not in the context, say: ""I don't know based on the provided documents."".
Cite sources like (doc_id, chunk_id). 
<|user|>
CONTEXT:
[SOURCE: Bharatiya_Nagarik_Suraksha_Sanhita,_2023.pdf | chunk:44 | score:0.541]
 made orally or in writing to a Magistrate, with a view to his taking action under this Sanhita, that some person, whether known or unknown, has committed an offence, but does not include a police report. Explanation.—A report made by a police officer in a case which discloses, after investigation, the commission of a non-cognizable offence shall be deemed to be a complaint; and the police officer by whom such report is made shall be deemed to be the complainant; (f) ""electronic communication"" means the communication of any written, verbal, pictorial information or video content transmitted (whether from one person to another, from one device to another or from a person to a device or from a device to a person) by means of an electronic device including but not limited to—a telephone, a mobile or cellular phone, or other wireless telecommunication device, or a computer, or audio-video pl

[SOURCE: 250882_english_01042024_0.pdf | chunk:108 | score:0.520]
 purposes of any activity regularly carried on over that period as mentioned in clause (a) of sub-section (2) was regularly performed by means of one or more computers or communication device, whether— (a) in standalone mode; or (b) on a computer system; or (c) on a computer network; or (d) on a computer resource enabling information creation or providing information processing and storage; or (e) through an intermediary, all the computers or communication devices used for that purpose during that period shall be treated for the purposes of this section as constituting a single computer or communication device; and references in this section to a computer or communication device shall be construed accordingly. (4) In any proceeding where it is desired to give a statement in evidence by virtue of this section, a certificate doing any of the following things shall be submitted along with t

[SOURCE: 250882_english_01042024_0.pdf | chunk:107 | score:0.510]
contained is derived was regularly fed into the computer orcommunication device in the ordinary course of the said activities; (c) throughout the material part of the said period, the computer or communication device was operating properly or, if not, then in respect of any period in which it was not operating properly or was out of operation during that part of the period, was not such as to affect the electronic record or the accuracy of its contents; and (d) the information contained in the electronic record reproduces or is derived from such information fed into the computer orcommunication device in the ordinary course of the said activities. (3) Where over any period, the function of creating, storing or processing information for the purposes of any activity regularly carried on over that period as mentioned in clause (a) of sub-section (2) was regularly performed by means of one

QUESTION:
Under BNSS 2023, what is “electronic communication”?

Answer with citations. 
<|assistant|>
BNSS 2023 defines ""electronic communication"" as the communication of any written, verbal, pictorial information or video content transmitted (whether from one person to another, from one device to another or from a device to a device) by means of an electronic device, including but not limited to:

(a) a telephone,
(b) a mobile or cellular phone, or other wireless telecommunication device,
(c) an audio-video player,
(d) a computer,
(e) an internet-connected device, or
(f) any other electronic device.

The term ""electronic record"" refers to any record created, stored, or processed by electronic means, including but not limited to:

(a) a computer system,
(b) an electronic database,
(c) an electronic document, or
(d) any other electronic record.

The term ""regularly performed"" means that the activity regularly carried on over the specified period is performed by means of one or more computers or communication devices, whether on a computer system, on a computer network, on a computer resource enabling information","Electronic communication is transmission of written, verbal, pictorial or video content between persons/devices via electronic devices."
TinyLlama/TinyLlama-1.1B-Chat-v1.0 | sentence-transformers/all-mpnet-base-v2 | dense | k=3,q8_bnss_bailable_nonbailable,Define “bailable offence” and “non-bailable offence” under BNSS 2023.,3,1,0.3333333333333333,1.0,0,10.111163882000255,1230,"Bharatiya_Nagarik_Suraksha_Sanhita,_2023.pdf",0.7080159187316895,"<|system|>
You are a careful assistant. Answer strictly from CONTEXT.
If the answer is not in the context, say: ""I don't know based on the provided documents."".
Cite sources like (doc_id, chunk_id). 
<|user|>
CONTEXT:
[SOURCE: Bharatiya_Nagarik_Suraksha_Sanhita,_2023.pdf | chunk:747 | score:0.708]
writing his or its reasons or special reasons for so doing. When bail may be taken in case of non-bailable offence. 5 10 15 20 25 30 35 40 45 146 (5) Any Court which has released a person on bail under sub-section ( 1) or sub-section ( 2), may, if it considers it necessary so to do, direct that such person be arrested and commit him to custody. (6) If, in any case triable by a Magistrate, the trial of a person accused of any non-bailable offence is not concluded within a period of sixty days from the first date fixed for taking evidence in the case, such person shall, if he is in custody during the whole of the said period, be released on bail to the satisfaction of the Magistrate, unless for reasons to be recorded in writing, the Magistrate otherwise directs. (7) If, at any time, after the conclusion of the trial of a person accused of a non-bailable offence and before judgment is deliv

[SOURCE: Bharatiya_Nagarik_Suraksha_Sanhita,_2023.pdf | chunk:43 | score:0.687]
ion, search and seizure or evidence, transmission of electronic communication and for such other purposes and by such other means as the State Government may, by rules provide;""; (b) ""bailable offence"" means an offence which is shown as bailable in the First Schedule, or which is made bailable by any other law for the time being in force; and ""non-bailable offence"" means any other offence; (c) ""charge"" includes any head of charge when the charge contains more heads than one; (d) ""cognizable offence"" means an offence for which, and ""cognizable case"" means a case in which, a police officer may, in accordance with the First Schedule or under any other law for the time being in force, arrest without warrant; (e) ""complaint"" means any allegation made orally or in writing to a Magistrate, with a view to his taking action under this Sanhita, that some person, whether known or unknown, has commi

[SOURCE: Bharatiya_Nagarik_Suraksha_Sanhita,_2023.pdf | chunk:806 | score:0.685]
ine. Ditto Non-bailable Ditto. (2) If an act which causes harm be done in consequence of the abetment. Imprisonment for 14 years and fine. Ditto Ditto Ditto. 56 (1) Abetment of offence punishable with imprisonment. Imprisonment extending to a quarter part of the longest term provided for the offence, or fine, or both. Ditto According as offence abetted is bailable or non- bailable. Ditto. (2) If the abettor or the person abetted be a public servant whose duty it is to prevent the offence. one- half of the longest term provided for that offence, or with such fine as is provided for the offence, or with both. Ditto Ditto Ditto. 159 (1) (2) (3) (4) (5) (6) 57 Abetting commission of offence by the public or by more than ten persons. imprisonment of either description for a term which may extend to seven years and with fine According as offence abetted is cognizable or non-cognizable. Accordi

QUESTION:
Define “bailable offence” and “non-bailable offence” under BNSS 2023.

Answer with citations. 
<|assistant|>
BNSS 2023 defines ""bailable offence"" as an offence that is made bailable by any other law for the time being in force, while ""non-bailable offence"" is any other offence. The definition of ""cognizable offence"" includes cases in which a police officer may arrest without warrant, and ""cognizable case"" refers to a case in which a police officer may take action under this Sanhita. ""Complaint"" refers to an allegation made orally or in writing to a magistrate with a view to taking action under this Sanhita. ""Ditto"" refers to the same thing. ""Imprisonment for 14 years and fine"" refers to the maximum sentence for an offence that is made bailable by any other law for the time being in force. ""Fine"" refers to the maximum fine for an offence that is made bailable by any other law for the time being in force. ""Imprisonment extending to a quarter part of the longest term provided for the offence"" refers to the maximum sentence for an offence that is made bailable by any other law for the time being in",Bailable offence: shown as bailable in the First Schedule or made bailable by other law. Non-bailable offence: any other offence.
TinyLlama/TinyLlama-1.1B-Chat-v1.0 | sentence-transformers/all-mpnet-base-v2 | dense | k=3,q9_goi1935_lists_counts,"As per the notes, what were the three subject lists under the Government of India Act 1935 and how many items did each have?",3,1,0.3333333333333333,1.0,0,3.255565605000129,870,UNIT III.pdf,0.7351288795471191,"<|system|>
You are a careful assistant. Answer strictly from CONTEXT.
If the answer is not in the context, say: ""I don't know based on the provided documents."".
Cite sources like (doc_id, chunk_id). 
<|user|>
CONTEXT:
[SOURCE: UNIT III.pdf | chunk:0 | score:0.735]
UNIT III THE GOVERNMENT OF INDIA ACT, 1935. Background: As the growing demands of populace led by Indian leader for constitutional reforms in India intensified with progression in the British Rule , the evolving administrative arrangements put in place by the British paved the way for a more responsible government in India premised on the fact of maximum representation of Indian s. India’s support to Britain in the First World War also aided in British acknowledgement of the need for the inclusion of more Indians in the administration of their own country. This formed the basis of the passing of the Government of India Act, 1935 by the British Parliament. This legislation was the l ongest Act passed by the British Parliament after its domination and overtaking of administrative control in India . The Act originally passed, being very lengthy, was divided into two separate acts namely, th

[SOURCE: UNIT III.pdf | chunk:17 | score:0.714]
included three lists. These were: • Federal list - 59 items • Provincial list - 54 items • Concurrent list - 36 items 5 The subjects which were of all-India interest and demanded uniform treatment were put in the Federal list. Only the Federal Legislature could make laws on the Federal subjects. Subjects of mainly of local interest were placed the Provincial list and were wholly within the jurisdiction of the Provincial Legislatures for the purpose of legislation. The third list known as the Concurrent list, and which contained 36 items, included subjects which were primarily Provincial interest but at the same time required uniformity of treatment all over the country. Hence, the Act authorised both the Federal and Provincial Legislatures to pass laws on those subjects. In the event of a conflict, the Federal law was to prevail. In order to resolve this point of conflict, the Constituti

[SOURCE: UNIT III.pdf | chunk:15 | score:0.706]
ad become uncommon for British Acts of Parliament to contain a preamble, the absence of one from the Act of 1935 was a sharp departure from the previous Act(s). By now, the Indian demands were centring around the British India being accorded a constitutional parity with other existing Dominions (Australia, Canada, the Irish Free State, New Zealand and the Union of South Africa) which would have meant complete autonomy within the British Commonwealth. III. Salient Features of the Government of India Act, 1935 The features of the Act can be summed up as follows: I. Division of Subjects/All India Federation: It provided for the establishment of an All India Federation consisting of provinces and princely states as units. The Act divided the powers between the Centre and units in terms of three lists—Federal List (for Centre containing 59 items), Provincial Lis t (for provinces containing 54

QUESTION:
As per the notes, what were the three subject lists under the Government of India Act 1935 and how many items did each have?

Answer with citations. 
<|assistant|>
The three subject lists under the Government of India Act 1935 were:

1. Federal list: 59 items
2. Provincial list: 54 items
3. Concurrent list: 36 items

Each of these lists contained 54 items, which were the subjects of all-India interest and demanded uniform treatment.","Federal List (59), Provincial List (54), Concurrent List (36)."
TinyLlama/TinyLlama-1.1B-Chat-v1.0 | sentence-transformers/all-mpnet-base-v2 | dense | k=3,q10_goi1935_provincial_autonomy,"According to the notes, what did “Provincial Autonomy” mean under the Government of India Act 1935, and what timeline is mentioned?",3,1,0.3333333333333333,1.0,0,7.447488400000111,996,UNIT III.pdf,0.7269682884216309,"<|system|>
You are a careful assistant. Answer strictly from CONTEXT.
If the answer is not in the context, say: ""I don't know based on the provided documents."".
Cite sources like (doc_id, chunk_id). 
<|user|>
CONTEXT:
[SOURCE: UNIT III.pdf | chunk:28 | score:0.727]
nt of India Act 1935 marks a point of no return in the history of constitutional development in India. The Government of India Act 1935 curtailed the powers concentrated in the hands of the Central Government and distributed it by ensuring that a decentralised form of government shapes away in India . Separate electorates for women, although they had not asked for it, was quite good for the advancement of women in the decision making process. Even the workers had their separate representation which helped in the advancement of the workers class. This Act was the first attempt to give the provinces an autonomous status by freeing them from external interference. The appointment of the Governor-General and governors, of course, remained in the h ands of the British government and they were not responsible to the legislatures. The act never came near the objective that the nationalist movem

[SOURCE: UNIT III.pdf | chunk:18 | score:0.691]
to pass laws on those subjects. In the event of a conflict, the Federal law was to prevail. In order to resolve this point of conflict, the Constitution authorised the Governor General to allocate in his discretion the right to legislate on any subject, not included in the lists, either the Centre or the province II. Provincial Autonomy: It abolished diarchy in the provinces and introduced ‘provincial autonomy’ in its place. The provinces were allowed to act as autonomous units of administration in their defined spheres. Moreover, the Act introduced responsible governments in provinces which meant that the governor was required to act with the advice of ministers re sponsible to the provincial legislature. This came into effect in 1937 but was discontinued later in 1939. A redeeming feature of the new Act was that it marked the beginning of the Provincial Autonomy. It was definitely an a

[SOURCE: UNIT III.pdf | chunk:27 | score:0.674]
e Government of India Act of 1935 marked the second milestone towards a completely responsible government in India after the Act of 1919. This Act was passed by the British Government in the year 1935. It was one of the lengthiest Acts at that time as it contained 321 sections and 10 schedules. It was also the last constitution of British India, before the country was divided, in 1947, into two parts-India and Pakistan. Once the act was passed the government saw that it was too lengthy to be regulated with efficiency and thus, the government decided to divide it into two parts for the act to function in a proper manner.  THE Act of 1935 served some useful purposes by the experiment of provincial autonomy, thus we can say t hat the Government of India Act 1935 marks a point of no return in the history of constitutional development in India. The Government of India Act 1935 curtailed the

QUESTION:
According to the notes, what did “Provincial Autonomy” mean under the Government of India Act 1935, and what timeline is mentioned?

Answer with citations. 
<|assistant|>
The notes state that the Government of India Act 1935 marked the second milestone towards a completely responsible government in India after the Act of 1919. This Act was passed by the British Government in the year 1935 and contained 321 sections and 10 schedules. The act was the last constitution of British India, before the country was divided, in 1947, into two parts - India and Pakistan. The act marked the beginning of the Provincial Autonomy, which was a redeeming feature of the new Act. The act was passed in 1935 and served some useful purposes, including the experiment of provincial autonomy, which marked the beginning of the Provincial Autonomy in India. The act marked the second milestone towards a completely responsible government in India after the Act of 1919.",Provincial autonomy abolished diarchy in provinces; governors acted with advice of responsible ministers. Notes mention it came into effect in 1937 and was discontinued in 1939.
TinyLlama/TinyLlama-1.1B-Chat-v1.0 | sentence-transformers/all-mpnet-base-v2 | dense | k=6,q1_scope_bsa,"Where does the Bharatiya Sakshya Adhiniyam, 2023 apply, and what does it exclude?",6,0,0.0,0.0,0,9.224172113000122,2213,250882_english_01042024_0.pdf,0.6168858408927917,"<|system|>
You are a careful assistant. Answer strictly from CONTEXT.
If the answer is not in the context, say: ""I don't know based on the provided documents."".
Cite sources like (doc_id, chunk_id). 
<|user|>
CONTEXT:
[SOURCE: 250882_english_01042024_0.pdf | chunk:1 | score:0.617]
2023@ ikS""k 4] 1945 ¼'kd½ No. 55] NEW DELHI, MONDAY, DECEMBER 25, 2023/PAUSHA 4, 1945 (SAKA) bl Hkkx esa fHkUu i`""B la[;k nh tkrh gS ftlls fd ;g vyx ladyu ds :i esa j[kk tk ldsA Separate paging is given to this Part in order that it may be filed as a separate compilation. xxxGIDHxxx xxxGIDExxx jftLVªh lañ Mhñ ,yñ —( ,u)04@0007@2003 — 23 REGISTERED NO. DL—(N)04/0007/2003—23 MINISTRY OF LA W AND JUSTICE (Legislative Department) New Delhi, the25th December ,2023/Pausha4,1945 (Saka) The following Act of Parliament received the assent of the President on the 25th December, 2023 and is hereby published for general information:— सी.जी.-डी.एल.-अ.-25122023-250882 CG-DL-E-25122023-250882 (3) It shall come into force on such date as the Central Government may, by notification in the Official Gazette, appoint. 2.(1) In this Adhiniyam, unless the context otherwise requires,— (a) ""Court"" includes all 

[SOURCE: Bharatiya_Nagarik_Suraksha_Sanhita,_2023.pdf | chunk:1005 | score:0.601]
ugh electronic means, like video conferencing. The magisterial system has also been streamlined. 6. The Notes on Clauses explains the various provisions of the Bill. 7. The Bill seeks to achieve the above objectives. N EW DELHI; The 9th August, 2023. AMIT SHAH. 243 NOTES ON CLAUSES Clause 1 of the Bill seeks to provide for short title, extent and commencement. Clause 2 of the Bill seeks to provide to Definitions. This Clause relates to definition of certain expressions used in the proposed legislation. Clause 3 of the Bill relates to Construction of references. Clause 4 of the Bill relates to Trial of offences under Bhartiya Nyaya Sanhita and other laws. This Clause provides all offences under the Bhartiya Nyaya Sanhita, 2023 shall be investigated, inquired into, tried, and otherwise dealt with according to the provisions. Clause 5 of the Bill relates to Saving. This Clause provides, in 

[SOURCE: Bharatiya_Nyaya_Sanhita,_2023.pdf | chunk:33 | score:0.589]
ws:–– CHAPTER I PRELIMINARY 1. (1) This Act may be called the Bharatiya Nyaya Sanhita, 2023. (2) It shall come into force on such date as the Central Government may, by notification in the Official Gazette, appoint, and different dates may be appointed for different provisions of the Sanhita. Short title, commencement and application. AS INTRODUCED IN LOK SABHA Bill No. 121 of 2023 5 2 (3) Every person shall be liable to punishment under this Sanhita and not otherwise for every act or omission contrary to the provisions thereof, of which he shall be guilty within India. (4) Any person liable, by any law for the time being in force in India, to be tried for an offence committed beyond India shall be dealt with according to the provisions of this Sanhita for any act committed beyond India in the same manner as if such act had been committed within India. (5) The provisions of this Sanhita 

[SOURCE: Bharatiya_Nyaya_Sanhita,_2023.pdf | chunk:529 | score:0.585]
es. The offences against women and children, murder and offences against the State have been given precedence. The various offences have been made gender neutral. In order to deal effectively with the problem of organised crimes and terrorist activities, new offences of terrorist acts and organised crime have been added in the Bill with deterrent punishments. A new offence on acts of secession, armed rebellion, subversive activities, separatist activities or endangering sovereignty or unity and integrity of India has also been added. The fines and punishment for various offences have also been suitably enhanced. 5. The Notes on Clauses explains the various provisions of the Bill. 6. The Bill seeks to achieve the above objectives. N EW DELHI; AMIT SHAH. The 9th August, 2023. 103 NOTES ON CLAUSES Clause 1 of the Bill seeks to provide short title, commencement and application of the propose

[SOURCE: Bharatiya_Nagarik_Suraksha_Sanhita,_2023.pdf | chunk:1146 | score:0.565]
l so exercise its superintendence over the Courts of Sessions and Courts of Judicial Magistrates subordinate to it as to ensure that there is an expeditious and proper disposal of cases by the Judges and Magistrates. Clause 532 of the Bill relates to trial and proceedings to be held in electronic mode. This Clause provides that trials and proceedings under this Code, may be held in electronic mode, by use of electronic communication or use of audio-video electronic means. Clause 533 of the Bill relates to repeal and savings. This Clause provides that the Code of Criminal Procedure, 1973 is repealed. FINANCIAL MEMORANDUM The Bharatiya Nyaya Sanhita Bill, 2023, if enacted, is not likely to involve any expenditure, either recurring or non-recurring, from and out of the Consolidated Fund of India. 278 MEMORANDUM REGARDING DELEGATED LEGISLATION Sub-clause (a) of clause 2 of the Bill empowers 

[SOURCE: Bharatiya_Nyaya_Sanhita,_2023.pdf | chunk:613 | score:0.565]
ks to define defamation and punishment thereof. Clause 355 of the Bill seeks to provide for breach of contract to attend on and supply wants of helpless person and punishment thereof. Clause 356 of the Bill seeks to provide for repeal and savings of the Indian Penal Code, 1860. FINANCIAL MEMORANDUM The Bharatiya Nyaya Sanhita, 2023, if enacted, is not likely to involve any expenditure, either recurring or non-recurring, from and out of the Consolidated Fund of India. 123 LOK SABHA ———— A BILL to consolidate and amend the provisions relating to offences and for matters connected therewith or incidental thereto. ———— (Shri Amit Shah, Minister of Home Affairs and Cooperation ) MGIPMRND—278LS—10.08.2023.

QUESTION:
Where does the Bharatiya Sakshya Adhiniyam, 2023 apply, and what does it exclude?

Answer with citations. 
<|assistant|>
The Bharatiya Sakshya Adhiniyam, 2023 applies to all offenses under the Bharatiya Nyaya Sanhita, 2023, which includes offenses against women and children, murder and offenses against the State. The offenses against the State have been made gender neutral, and new offences of terrorist acts and organised crime have been added. The Bill seeks to achieve the objectives of dealing effectively with the problem of organised crimes and terrorist activities, and to deal with the problem of organised crime and terrorist activities. The Bill also includes a new offence on acts of secession, armed rebellion, subversive activities, separatist activities, and endangering sovereignty or unity and integrity of India. The Bill seeks to enhance the punishments for various offenses, and the Bill seeks to achieve the above objectives. The questioner's response: Where does the Bharatiya Sakshiya Sakthank.","It applies to all judicial proceedings in or before any Court (including courts-martial), but not to affidavits and not to proceedings before an arbitrator."
TinyLlama/TinyLlama-1.1B-Chat-v1.0 | sentence-transformers/all-mpnet-base-v2 | dense | k=6,q2_commencement_bsa,"How does the Bharatiya Sakshya Adhiniyam, 2023 come into force?",6,1,0.16666666666666666,1.0,0,1.7640487640001083,2022,250882_english_01042024_0.pdf,0.6298543810844421,"<|system|>
You are a careful assistant. Answer strictly from CONTEXT.
If the answer is not in the context, say: ""I don't know based on the provided documents."".
Cite sources like (doc_id, chunk_id). 
<|user|>
CONTEXT:
[SOURCE: 250882_english_01042024_0.pdf | chunk:1 | score:0.630]
2023@ ikS""k 4] 1945 ¼'kd½ No. 55] NEW DELHI, MONDAY, DECEMBER 25, 2023/PAUSHA 4, 1945 (SAKA) bl Hkkx esa fHkUu i`""B la[;k nh tkrh gS ftlls fd ;g vyx ladyu ds :i esa j[kk tk ldsA Separate paging is given to this Part in order that it may be filed as a separate compilation. xxxGIDHxxx xxxGIDExxx jftLVªh lañ Mhñ ,yñ —( ,u)04@0007@2003 — 23 REGISTERED NO. DL—(N)04/0007/2003—23 MINISTRY OF LA W AND JUSTICE (Legislative Department) New Delhi, the25th December ,2023/Pausha4,1945 (Saka) The following Act of Parliament received the assent of the President on the 25th December, 2023 and is hereby published for general information:— सी.जी.-डी.एल.-अ.-25122023-250882 CG-DL-E-25122023-250882 (3) It shall come into force on such date as the Central Government may, by notification in the Official Gazette, appoint. 2.(1) In this Adhiniyam, unless the context otherwise requires,— (a) ""Court"" includes all 

[SOURCE: Bharatiya_Nagarik_Suraksha_Sanhita,_2023.pdf | chunk:1005 | score:0.568]
ugh electronic means, like video conferencing. The magisterial system has also been streamlined. 6. The Notes on Clauses explains the various provisions of the Bill. 7. The Bill seeks to achieve the above objectives. N EW DELHI; The 9th August, 2023. AMIT SHAH. 243 NOTES ON CLAUSES Clause 1 of the Bill seeks to provide for short title, extent and commencement. Clause 2 of the Bill seeks to provide to Definitions. This Clause relates to definition of certain expressions used in the proposed legislation. Clause 3 of the Bill relates to Construction of references. Clause 4 of the Bill relates to Trial of offences under Bhartiya Nyaya Sanhita and other laws. This Clause provides all offences under the Bhartiya Nyaya Sanhita, 2023 shall be investigated, inquired into, tried, and otherwise dealt with according to the provisions. Clause 5 of the Bill relates to Saving. This Clause provides, in 

[SOURCE: Bharatiya_Nagarik_Suraksha_Sanhita,_2023.pdf | chunk:1146 | score:0.549]
l so exercise its superintendence over the Courts of Sessions and Courts of Judicial Magistrates subordinate to it as to ensure that there is an expeditious and proper disposal of cases by the Judges and Magistrates. Clause 532 of the Bill relates to trial and proceedings to be held in electronic mode. This Clause provides that trials and proceedings under this Code, may be held in electronic mode, by use of electronic communication or use of audio-video electronic means. Clause 533 of the Bill relates to repeal and savings. This Clause provides that the Code of Criminal Procedure, 1973 is repealed. FINANCIAL MEMORANDUM The Bharatiya Nyaya Sanhita Bill, 2023, if enacted, is not likely to involve any expenditure, either recurring or non-recurring, from and out of the Consolidated Fund of India. 278 MEMORANDUM REGARDING DELEGATED LEGISLATION Sub-clause (a) of clause 2 of the Bill empowers 

[SOURCE: Bharatiya_Nyaya_Sanhita,_2023.pdf | chunk:529 | score:0.542]
es. The offences against women and children, murder and offences against the State have been given precedence. The various offences have been made gender neutral. In order to deal effectively with the problem of organised crimes and terrorist activities, new offences of terrorist acts and organised crime have been added in the Bill with deterrent punishments. A new offence on acts of secession, armed rebellion, subversive activities, separatist activities or endangering sovereignty or unity and integrity of India has also been added. The fines and punishment for various offences have also been suitably enhanced. 5. The Notes on Clauses explains the various provisions of the Bill. 6. The Bill seeks to achieve the above objectives. N EW DELHI; AMIT SHAH. The 9th August, 2023. 103 NOTES ON CLAUSES Clause 1 of the Bill seeks to provide short title, commencement and application of the propose

[SOURCE: Bharatiya_Nyaya_Sanhita,_2023.pdf | chunk:33 | score:0.541]
ws:–– CHAPTER I PRELIMINARY 1. (1) This Act may be called the Bharatiya Nyaya Sanhita, 2023. (2) It shall come into force on such date as the Central Government may, by notification in the Official Gazette, appoint, and different dates may be appointed for different provisions of the Sanhita. Short title, commencement and application. AS INTRODUCED IN LOK SABHA Bill No. 121 of 2023 5 2 (3) Every person shall be liable to punishment under this Sanhita and not otherwise for every act or omission contrary to the provisions thereof, of which he shall be guilty within India. (4) Any person liable, by any law for the time being in force in India, to be tried for an offence committed beyond India shall be dealt with according to the provisions of this Sanhita for any act committed beyond India in the same manner as if such act had been committed within India. (5) The provisions of this Sanhita 

[SOURCE: Bharatiya_Nyaya_Sanhita,_2023.pdf | chunk:613 | score:0.540]
ks to define defamation and punishment thereof. Clause 355 of the Bill seeks to provide for breach of contract to attend on and supply wants of helpless person and punishment thereof. Clause 356 of the Bill seeks to provide for repeal and savings of the Indian Penal Code, 1860. FINANCIAL MEMORANDUM The Bharatiya Nyaya Sanhita, 2023, if enacted, is not likely to involve any expenditure, either recurring or non-recurring, from and out of the Consolidated Fund of India. 123 LOK SABHA ———— A BILL to consolidate and amend the provisions relating to offences and for matters connected therewith or incidental thereto. ———— (Shri Amit Shah, Minister of Home Affairs and Cooperation ) MGIPMRND—278LS—10.08.2023.

QUESTION:
How does the Bharatiya Sakshya Adhiniyam, 2023 come into force?

Answer with citations. 
<|assistant|>
The Bharatiya Sakshya Adhiniyam, 2023, comes into force on the date specified in the text, which is not specified.",It comes into force on a date appointed by the Central Government by notification in the Official Gazette.
TinyLlama/TinyLlama-1.1B-Chat-v1.0 | sentence-transformers/all-mpnet-base-v2 | dense | k=6,q3_document_definition,"How is a “document” defined, and does it include electronic/digital records? Give examples.",6,1,0.16666666666666666,1.0,0,10.192144499000051,1874,"Bharatiya_Nyaya_Sanhita,_2023.pdf",0.7947247624397278,"<|system|>
You are a careful assistant. Answer strictly from CONTEXT.
If the answer is not in the context, say: ""I don't know based on the provided documents."".
Cite sources like (doc_id, chunk_id). 
<|user|>
CONTEXT:
[SOURCE: Bharatiya_Nyaya_Sanhita,_2023.pdf | chunk:37 | score:0.795]
g of an act with the intention of causing wrongful gain to one person or wrongful loss to another person; (7) “document” means any matter expressed or described upon any substance by means of letters, figures or marks, or by more than one of those means, intended to be used, or which may be used, as evidence of that matter. Explanation 1.—It is immaterial by what means or upon what substance the letters, figures or marks are formed, or whether the evidence is intended for, or may be used in a Court or not. Definitions. 5 10 15 20 25 30 35 40 45 3 Illustrations. (a) A writing expressing the terms of a contract, which may be used as evidence of the contract, is a document. (b) A cheque upon a banker is a document. (c) A power-of-attorney is a document. (d) A Map or plan which is intended to be used or which may be used as evidence, is a document. (e) A writing containing directions or inst

[SOURCE: 250882_english_01042024_0.pdf | chunk:3 | score:0.710]
ular case, to act upon the supposition that it does not exist; (d) ""document"" means any matter expressed or described or otherwise recorded upon any substance by means of letters, figures or marks or any other means or by more than one of those means, intended to be used, or which may be used, for the purpose of recording that matter and includes electronic and digital records. Illustrations. (i) A writing is a document. (ii) Words printed, lithographed or photographed are documents. (iii) A map or plan is a document. (iv) An inscription on a metal plate or stone is a document. (v) A caricature is a document. (vi) An electronic record on emails, server logs, documents on computers, laptop or smartphone, messages, websites, locational evidence and voice mail messages stored on digital devices are documents; (e) ""evidence"" means and includes— (i) all statements including statements given e

[SOURCE: 250882_english_01042024_0.pdf | chunk:104 | score:0.669]
 electronic or digital record and such record shall, subject to section 63, have the same legal effect, validity and enforceability as other document. 62.The contents of electronic records may be proved in accordance with the provisions of section 63. 63.(1) Notwithstanding anything contained in this Adhiniyam, any information contained in an electronic record which is printed on paper, stored, recorded or copied in optical or magnetic media or semiconductor memory which is produced by a computer or any communication device or otherwise stored, recorded or copied in any electronic form (hereinafter referred to as the computer output) shall be deemed to be also a document, if the conditions mentioned in this section are satisfied in relation to the information and Cases in which secondary evidence relating to documents may be given. Electronic or digital record. Special provisions as to e

[SOURCE: Bharatiya_Nyaya_Sanhita,_2023.pdf | chunk:38 | score:0.612]
 document. (d) A Map or plan which is intended to be used or which may be used as evidence, is a document. (e) A writing containing directions or instructions is a document. Explanation 2.—Whatever is expressed by means of letters, figures or marks as explained by mercantile or other usage, shall be deemed to be expressed by such letters, figures or marks within the meaning of this section, although the same may not be actually expressed. Illustration. A writes his name on the back of a bill of exchange payable to his order. The meaning of the endorsement, as explained by mercantile usage, is that the bill is to be paid to the holder. The endorsement is a document, and shall be construed in the same manner as if the words “pay to the holder” or words to that effect had been written over the signature. (8) “fraudulently”.—A person is said to do a thing fraudulently if he does that thing w

[SOURCE: 250882_english_01042024_0.pdf | chunk:4 | score:0.582]
ce and voice mail messages stored on digital devices are documents; (e) ""evidence"" means and includes— (i) all statements including statements given electronically which the Court permits or requires to be made before it by witnesses in relation to matters of fact under inquiry and such statements are called oral evidence; (ii) all documents including electronic or digital records produced for the inspection of the Court and such documents are called documentary evidence; (f) ""fact"" means and includes— (i) any thing, state of things, or relation of things, capable of being perceived by the senses; (ii) any mental condition of which any person is conscious. Illustrations. (i) That there are certain objects arranged in a certain order in a certain place, is a fact. (ii) That a person heard or saw something, is a fact. (iii) That a person said certain words, is a fact. Definitions. 2 THE GA

[SOURCE: 250882_english_01042024_0.pdf | chunk:124 | score:0.575]
of a State Government: Provided that such document is substantially in the form and purports to be executed in the manner directed by law in that behalf. (2) The Court shall also presume that any officer by whom any such document purports to be signed or certified, held, when he signed it, the official character which he claims in such paper. 79.Whenever any document is produced before any Court, purporting to be a record or memorandum of the evidence, or of any part of the evidence, given by a witness in a judicial proceeding or before any officer authorised by law to take such evidence or to be a statement or confession by any prisoner or accused person, taken in accordance with law, Proof of documents by production of certified copies. Proof of other official documents. Presumption as to genuineness of certified copies. Presumption as to documents produced as record of evidence, etc.

QUESTION:
How is a “document” defined, and does it include electronic/digital records? Give examples.

Answer with citations. 
<|assistant|>
The definition of a ""document"" in the context of the Indian Evidence Act 1872 includes any matter expressed or described or otherwise recorded upon any substance by means of letters, figures, or other means or by more than one of those means, intended to be used, or which may be used, for the purpose of recording that matter and includes electronic or digital records. Examples of documents include:

1. A writing expressing the terms of a contract, which may be used as evidence of the contract, is a document.

2. A cheque upon a banker is a document.

3. A power-of-attorney is a document.

4. A Map or plan is a document.

5. An inscription on a metal plate or stone is a document.

6. An electronic or digital record on emails, server logs, documents on computers, laptop or smartphones, messages, websites, locational evidence, and voice mail messages stored on digital devices are documents.

7. A document is also a record of evidence, including certified copies.

8. A document is also a written statement or confession taken in accord",A document includes electronic/digital records; examples include emails and server logs (and other digital records on devices).
TinyLlama/TinyLlama-1.1B-Chat-v1.0 | sentence-transformers/all-mpnet-base-v2 | dense | k=6,q4_evidence_definition,"What is “evidence” under the Bharatiya Sakshya Adhiniyam, 2023?",6,0,0.0,0.5,0,8.371990159000006,2035,250882_english_01042024_0.pdf,0.6675561666488647,"<|system|>
You are a careful assistant. Answer strictly from CONTEXT.
If the answer is not in the context, say: ""I don't know based on the provided documents."".
Cite sources like (doc_id, chunk_id). 
<|user|>
CONTEXT:
[SOURCE: 250882_english_01042024_0.pdf | chunk:2 | score:0.668]
ment may, by notification in the Official Gazette, appoint. 2.(1) In this Adhiniyam, unless the context otherwise requires,— (a) ""Court"" includes all Judges and Magistrates, and all persons, except arbitrators, legally authorised to take evidence; (b) ""conclusive proof"" means when one fact is declared by this Adhiniyam to be conclusive proof of another, the Court shall, on proof of the one fact, regard the other as proved, and shall not allow evidence to be given for the purpose of disproving it; (c) ""disproved"" in relation to a fact, means when, after considering the matters before it, the Court either believes that it does not exist, or considers its non-existence so probable that a prudent man ought, under the circumstances of the particular case, to act upon the supposition that it does not exist; (d) ""document"" means any matter expressed or described or otherwise recorded upon any s

[SOURCE: Bharatiya_Nagarik_Suraksha_Sanhita,_2023.pdf | chunk:1116 | score:0.656]
s. Clause 327 of the Bill relates to identification report of Magistrate. Clause 328 of the Bill relates to evidence of officers of the Mint. Clause 329 of the Bill relates to reports of certain Government scientific experts. Clause 330 of the Bill relates to no formal proof of certain documents. Clause 331 of the Bill relates to affidavit in proof of conduct of public servants. This Clause provides that any application is made to any Court in the course of any inquiry, trial or other proceeding under this Sanhita, and allegations are made therein respecting any public servant, the applicant may give evidence of the facts alleged in the 269 application by affidavit, and the Court may, if it thinks fit, order that evidence relating to such facts be so given. Clause 332 of the Bill relates to evidence of formal character on affidavit. Clause 333 of the Bill relates to authorities before wh

[SOURCE: 250882_english_01042024_0.pdf | chunk:0 | score:0.646]
THE BHARA TIY A SAKSHY A ADHINIY AM, 2023 NO. 47 OF 2023 [25th December ,2023.] An Act to consolidate and to provide for general rules and principles of evidence for fair trial. BE it enacted by Parliament in the Seventy-fourth Year of the Republic of India as follows:— P AR T I CHAPTER I PRELIMINARY 1.(1) This Act may be called the Bharatiya Sakshya Adhiniyam, 2023. (2) It applies to all judicial proceedings in or before any Court, including Courts-martial, but not to affidavits presented to any Court or officer, nor to proceedings before an arbitrator. Short title, application and commencement. vlk/kkj.k EXTRAORDINARY Hkkx II — [k.M 1 P ART II — Section 1 izkf/kdkj ls izdkf'kr PUBLISHED BY AUTHORITY lañ 55] ubZ fnYyh] lkseokj] fnlEcj 25] 2023@ ikS""k 4] 1945 ¼'kd½ No. 55] NEW DELHI, MONDAY, DECEMBER 25, 2023/PAUSHA 4, 1945 (SAKA) bl Hkkx esa fHkUu i`""B la[;k nh tkrh gS ftlls fd ;g vyx l

[SOURCE: 250882_english_01042024_0.pdf | chunk:219 | score:0.640]
__________________________________________________________________________________________________________________________________________________________________________________________________________________________ CHAPTER XI OF IMPROPER ADMISSION AND REJECTION OF EVIDENCE 169.The improper admission or rejection of evidence shall not be ground of itself for a new trial or reversal of any decision in any case, if it shall appear to the Court before which such objection is raised that, independently of the evidence objected to and admitted, there was sufficient evidence to justify the decision, or that, if the rejected evidence had been received, it ought not to have varied the decision. CHAPTER XII REPEAL AND SA VINGS 170. (1) The Indian Evidence Act, 1872 is hereby repealed. (2) Notwithstanding such repeal, if, immediately before the date on which this Adhiniyam comes into force, the

[SOURCE: 250882_english_01042024_0.pdf | chunk:103 | score:0.637]
uments which cannot conveniently be examined in Court, and the fact to be proved is the general result of the whole collection. Explanation.—For the purposes of— (i) clauses (a), (c) and (d), any secondary evidence of the contents of the document is admissible; (ii) clause (b), the written admission is admissible; (iii) clause (e) or (f), a certified copy of the document, but no other kind of secondary evidence, is admissible; (iv) clause (g), evidence may be given as to the general result of the documents by any person who has examined them, and who is skilled in the examination of such document. 61.Nothing in this Adhiniyam shall apply to deny the admissibility of an electronic or digital record in the evidence on the ground that it is an electronic or digital record and such record shall, subject to section 63, have the same legal effect, validity and enforceability as other document.

[SOURCE: 250882_english_01042024_0.pdf | chunk:220 | score:0.632]
 Evidence Act, 1872 is hereby repealed. (2) Notwithstanding such repeal, if, immediately before the date on which this Adhiniyam comes into force, there is any application, trial, inquiry, investigation, proceeding or appeal pending, then, such application, trial, inquiry, investigation, proceeding or appeal shall be dealt with under the provisions of the Indian Evidence Act, 1872, as in force immediately before such commencement, as if this Adhiniyam had not come into force. No new trial for improper admission or rejection of evidence. Repeal and savings. 1 of 1872. 1 of 1872. Sec. 1] THE GAZETTE OF INDIA EXTRAORDINARY 45______________________________________________________________________________________________________________________________________________________________________________________________________________________________________________________________________________

QUESTION:
What is “evidence” under the Bharatiya Sakshya Adhiniyam, 2023?

Answer with citations. 
<|assistant|>
The Bharatiya Sakshya Adhiniyam, 2023, provides for evidence in court proceedings, including affidavits, certificates, and other secondary evidence. The primary evidence is the document itself, and secondary evidence is any other document or material that is admissible in court. The Bharatiya Sakshya Adhiniyam, 2023, applies to all judicial proceedings, including court-martials, but not to affidavits presented to any court or to proceedings before an arbitrator. The primary evidence is the document itself, and secondary evidence is any other document or material that is admissible in court. The Bharatiya Sakshya Adhiniyam, 2023, applies to all judicial proceedings, including court-martials, but not to affidavits presented to any court or to proceedings before an arbitrator.","Evidence includes oral evidence (statements permitted/required from witnesses, including electronic statements) and documentary evidence (documents including electronic/digital records)."
TinyLlama/TinyLlama-1.1B-Chat-v1.0 | sentence-transformers/all-mpnet-base-v2 | dense | k=6,q5_conclusive_proof,"What does “conclusive proof” mean in the Bharatiya Sakshya Adhiniyam, 2023?",6,0,0.0,0.5,0,4.126698648000001,1926,250882_english_01042024_0.pdf,0.6731681823730469,"<|system|>
You are a careful assistant. Answer strictly from CONTEXT.
If the answer is not in the context, say: ""I don't know based on the provided documents."".
Cite sources like (doc_id, chunk_id). 
<|user|>
CONTEXT:
[SOURCE: 250882_english_01042024_0.pdf | chunk:2 | score:0.673]
ment may, by notification in the Official Gazette, appoint. 2.(1) In this Adhiniyam, unless the context otherwise requires,— (a) ""Court"" includes all Judges and Magistrates, and all persons, except arbitrators, legally authorised to take evidence; (b) ""conclusive proof"" means when one fact is declared by this Adhiniyam to be conclusive proof of another, the Court shall, on proof of the one fact, regard the other as proved, and shall not allow evidence to be given for the purpose of disproving it; (c) ""disproved"" in relation to a fact, means when, after considering the matters before it, the Court either believes that it does not exist, or considers its non-existence so probable that a prudent man ought, under the circumstances of the particular case, to act upon the supposition that it does not exist; (d) ""document"" means any matter expressed or described or otherwise recorded upon any s

[SOURCE: 250882_english_01042024_0.pdf | chunk:102 | score:0.564]
the existence, condition or contents of the original have been proved to be admitted in writing by the person against whom it is proved or by his representative in interest; (c) when the original has been destroyed or lost, or when the party offering evidence of its contents cannot, for any other reason not arising from his own default or neglect, produce it in reasonable time; (d) when the original is of such a nature as not to be easily movable; (e) when the original is a public document within the meaning of section 74; (f) when the original is a document of which a certified copy is permitted by this Adhiniyam, or by any other law in force in India to be given in evidence; (g) when the originals consist of numerous accounts or other documents which cannot conveniently be examined in Court, and the fact to be proved is the general result of the whole collection. Explanation.—For the p

[SOURCE: Bharatiya_Nagarik_Suraksha_Sanhita,_2023.pdf | chunk:1116 | score:0.558]
s. Clause 327 of the Bill relates to identification report of Magistrate. Clause 328 of the Bill relates to evidence of officers of the Mint. Clause 329 of the Bill relates to reports of certain Government scientific experts. Clause 330 of the Bill relates to no formal proof of certain documents. Clause 331 of the Bill relates to affidavit in proof of conduct of public servants. This Clause provides that any application is made to any Court in the course of any inquiry, trial or other proceeding under this Sanhita, and allegations are made therein respecting any public servant, the applicant may give evidence of the facts alleged in the 269 application by affidavit, and the Court may, if it thinks fit, order that evidence relating to such facts be so given. Clause 332 of the Bill relates to evidence of formal character on affidavit. Clause 333 of the Bill relates to authorities before wh

[SOURCE: 250882_english_01042024_0.pdf | chunk:219 | score:0.555]
__________________________________________________________________________________________________________________________________________________________________________________________________________________________ CHAPTER XI OF IMPROPER ADMISSION AND REJECTION OF EVIDENCE 169.The improper admission or rejection of evidence shall not be ground of itself for a new trial or reversal of any decision in any case, if it shall appear to the Court before which such objection is raised that, independently of the evidence objected to and admitted, there was sufficient evidence to justify the decision, or that, if the rejected evidence had been received, it ought not to have varied the decision. CHAPTER XII REPEAL AND SA VINGS 170. (1) The Indian Evidence Act, 1872 is hereby repealed. (2) Notwithstanding such repeal, if, immediately before the date on which this Adhiniyam comes into force, the

[SOURCE: 250882_english_01042024_0.pdf | chunk:103 | score:0.546]
uments which cannot conveniently be examined in Court, and the fact to be proved is the general result of the whole collection. Explanation.—For the purposes of— (i) clauses (a), (c) and (d), any secondary evidence of the contents of the document is admissible; (ii) clause (b), the written admission is admissible; (iii) clause (e) or (f), a certified copy of the document, but no other kind of secondary evidence, is admissible; (iv) clause (g), evidence may be given as to the general result of the documents by any person who has examined them, and who is skilled in the examination of such document. 61.Nothing in this Adhiniyam shall apply to deny the admissibility of an electronic or digital record in the evidence on the ground that it is an electronic or digital record and such record shall, subject to section 63, have the same legal effect, validity and enforceability as other document.

[SOURCE: 250882_english_01042024_0.pdf | chunk:0 | score:0.542]
THE BHARA TIY A SAKSHY A ADHINIY AM, 2023 NO. 47 OF 2023 [25th December ,2023.] An Act to consolidate and to provide for general rules and principles of evidence for fair trial. BE it enacted by Parliament in the Seventy-fourth Year of the Republic of India as follows:— P AR T I CHAPTER I PRELIMINARY 1.(1) This Act may be called the Bharatiya Sakshya Adhiniyam, 2023. (2) It applies to all judicial proceedings in or before any Court, including Courts-martial, but not to affidavits presented to any Court or officer, nor to proceedings before an arbitrator. Short title, application and commencement. vlk/kkj.k EXTRAORDINARY Hkkx II — [k.M 1 P ART II — Section 1 izkf/kdkj ls izdkf'kr PUBLISHED BY AUTHORITY lañ 55] ubZ fnYyh] lkseokj] fnlEcj 25] 2023@ ikS""k 4] 1945 ¼'kd½ No. 55] NEW DELHI, MONDAY, DECEMBER 25, 2023/PAUSHA 4, 1945 (SAKA) bl Hkkx esa fHkUu i`""B la[;k nh tkrh gS ftlls fd ;g vyx l

QUESTION:
What does “conclusive proof” mean in the Bharatiya Sakshya Adhiniyam, 2023?

Answer with citations. 
<|assistant|>
The Bharatiya Sakshya Adhiniyam, 2023 defines ""conclusive proof"" as when one fact is declared by this Adhiniyam to be conclusive proof of another, the Court shall, on proof of the one fact, regard the other as proved, and shall not allow evidence to be given for the purpose of disproving it. The term ""conclusive proof"" is not defined in the text.","If one fact is declared conclusive proof of another, once the first is proved the Court must regard the second as proved and cannot allow evidence to disprove it."
TinyLlama/TinyLlama-1.1B-Chat-v1.0 | sentence-transformers/all-mpnet-base-v2 | dense | k=6,q6_bnss_audio_video_electronic,"Under BNSS 2023, what does “audio-video electronic” mean?",6,1,0.16666666666666666,1.0,0,3.49023957899999,1609,"Bharatiya_Nagarik_Suraksha_Sanhita,_2023.pdf",0.45832180976867676,"<|system|>
You are a careful assistant. Answer strictly from CONTEXT.
If the answer is not in the context, say: ""I don't know based on the provided documents."".
Cite sources like (doc_id, chunk_id). 
<|user|>
CONTEXT:
[SOURCE: Bharatiya_Nagarik_Suraksha_Sanhita,_2023.pdf | chunk:42 | score:0.458]
rt title, extent and commencement. AS INTRODUCED IN LOK SABHA Bill No. 122 of 2023 5 10 2 Explanation.—In this section, ""tribal areas"" means the territories which immediately before the 21st day of January, 1972, were included in the tribal areas of Assam, as referred to in paragraph 20 of the Sixth Schedule to the Constitution, other than those within the local limits of the municipality of Shillong. (3) It shall come into force on such date as the Central Government may, by notification in the Official Gazette, appoint. 2. (1) In this Sanhita, unless the context otherwise requires,— (a) ""audio-video electronic"" means shall include use of any communication device for the purposes of video conferencing, recording of processes of identification, search and seizure or evidence, transmission of electronic communication and for such other purposes and by such other means as the State Governm

[SOURCE: 250882_english_01042024_0.pdf | chunk:109 | score:0.395]
 is desired to give a statement in evidence by virtue of this section, a certificate doing any of the following things shall be submitted along with the electronic record at each instance where it is being submitted for admission, namely:— (a) identifying the electronic record containing the statement and describing the manner in which it was produced; (b) giving such particulars of any device involved in the production of that electronic record as may be appropriate for the purpose of showing that the electronic record was produced by a computer or a communication device referred to in clauses (a) to (e) of sub-section (3); (c) dealing with any of the matters to which the conditions mentioned in sub-section (2) relate, and purporting to be signed by a person in charge of the computer or communication device or the management of the relevant activities (whichever is appropriate) and an e

[SOURCE: 250882_english_01042024_0.pdf | chunk:106 | score:0.389]
ence or any contents of the original or of any fact stated therein of which direct evidence would be admissible. (2) The conditions referred to in sub-section (1) in respect of a computer output shall be the following, namely:— (a) the computer output containing the information was produced by the computer or communication device during the period over which the computer or communication device was used regularly to create, store or process information for the purposes of any activity regularly carried on over that period by the person having lawful control over the use of the computer or communication device; (b) during the said period, information of the kind contained in the electronic record or of the kind from which the information so contained is derived was regularly fed into the computer orcommunication device in the ordinary course of the said activities; (c) throughout the mate

[SOURCE: 250882_english_01042024_0.pdf | chunk:107 | score:0.383]
contained is derived was regularly fed into the computer orcommunication device in the ordinary course of the said activities; (c) throughout the material part of the said period, the computer or communication device was operating properly or, if not, then in respect of any period in which it was not operating properly or was out of operation during that part of the period, was not such as to affect the electronic record or the accuracy of its contents; and (d) the information contained in the electronic record reproduces or is derived from such information fed into the computer orcommunication device in the ordinary course of the said activities. (3) Where over any period, the function of creating, storing or processing information for the purposes of any activity regularly carried on over that period as mentioned in clause (a) of sub-section (2) was regularly performed by means of one 

[SOURCE: 250882_english_01042024_0.pdf | chunk:4 | score:0.378]
ce and voice mail messages stored on digital devices are documents; (e) ""evidence"" means and includes— (i) all statements including statements given electronically which the Court permits or requires to be made before it by witnesses in relation to matters of fact under inquiry and such statements are called oral evidence; (ii) all documents including electronic or digital records produced for the inspection of the Court and such documents are called documentary evidence; (f) ""fact"" means and includes— (i) any thing, state of things, or relation of things, capable of being perceived by the senses; (ii) any mental condition of which any person is conscious. Illustrations. (i) That there are certain objects arranged in a certain order in a certain place, is a fact. (ii) That a person heard or saw something, is a fact. (iii) That a person said certain words, is a fact. Definitions. 2 THE GA

[SOURCE: 250882_english_01042024_0.pdf | chunk:104 | score:0.375]
 electronic or digital record and such record shall, subject to section 63, have the same legal effect, validity and enforceability as other document. 62.The contents of electronic records may be proved in accordance with the provisions of section 63. 63.(1) Notwithstanding anything contained in this Adhiniyam, any information contained in an electronic record which is printed on paper, stored, recorded or copied in optical or magnetic media or semiconductor memory which is produced by a computer or any communication device or otherwise stored, recorded or copied in any electronic form (hereinafter referred to as the computer output) shall be deemed to be also a document, if the conditions mentioned in this section are satisfied in relation to the information and Cases in which secondary evidence relating to documents may be given. Electronic or digital record. Special provisions as to e

QUESTION:
Under BNSS 2023, what does “audio-video electronic” mean?

Answer with citations. 
<|assistant|>
The definition of ""audio-video electronic"" in BNSS 2023 is ""shall include use of any communication device for the purposes of video conferencing, recording of processes of identification, search and seizure, or evidence, transmission of electronic communication, and for such other purposes and by such other means as the State Government may, by notification in the Official Gazette, appoint.""","It includes using communication devices for video conferencing and for recording processes like identification, search and seizure, or evidence, as provided by rules."
TinyLlama/TinyLlama-1.1B-Chat-v1.0 | sentence-transformers/all-mpnet-base-v2 | dense | k=6,q7_bnss_electronic_communication,"Under BNSS 2023, what is “electronic communication”?",6,1,0.16666666666666666,1.0,0,10.189092940999899,1755,"Bharatiya_Nagarik_Suraksha_Sanhita,_2023.pdf",0.5411467552185059,"<|system|>
You are a careful assistant. Answer strictly from CONTEXT.
If the answer is not in the context, say: ""I don't know based on the provided documents."".
Cite sources like (doc_id, chunk_id). 
<|user|>
CONTEXT:
[SOURCE: Bharatiya_Nagarik_Suraksha_Sanhita,_2023.pdf | chunk:44 | score:0.541]
 made orally or in writing to a Magistrate, with a view to his taking action under this Sanhita, that some person, whether known or unknown, has committed an offence, but does not include a police report. Explanation.—A report made by a police officer in a case which discloses, after investigation, the commission of a non-cognizable offence shall be deemed to be a complaint; and the police officer by whom such report is made shall be deemed to be the complainant; (f) ""electronic communication"" means the communication of any written, verbal, pictorial information or video content transmitted (whether from one person to another, from one device to another or from a person to a device or from a device to a person) by means of an electronic device including but not limited to—a telephone, a mobile or cellular phone, or other wireless telecommunication device, or a computer, or audio-video pl

[SOURCE: 250882_english_01042024_0.pdf | chunk:108 | score:0.520]
 purposes of any activity regularly carried on over that period as mentioned in clause (a) of sub-section (2) was regularly performed by means of one or more computers or communication device, whether— (a) in standalone mode; or (b) on a computer system; or (c) on a computer network; or (d) on a computer resource enabling information creation or providing information processing and storage; or (e) through an intermediary, all the computers or communication devices used for that purpose during that period shall be treated for the purposes of this section as constituting a single computer or communication device; and references in this section to a computer or communication device shall be construed accordingly. (4) In any proceeding where it is desired to give a statement in evidence by virtue of this section, a certificate doing any of the following things shall be submitted along with t

[SOURCE: 250882_english_01042024_0.pdf | chunk:107 | score:0.510]
contained is derived was regularly fed into the computer orcommunication device in the ordinary course of the said activities; (c) throughout the material part of the said period, the computer or communication device was operating properly or, if not, then in respect of any period in which it was not operating properly or was out of operation during that part of the period, was not such as to affect the electronic record or the accuracy of its contents; and (d) the information contained in the electronic record reproduces or is derived from such information fed into the computer orcommunication device in the ordinary course of the said activities. (3) Where over any period, the function of creating, storing or processing information for the purposes of any activity regularly carried on over that period as mentioned in clause (a) of sub-section (2) was regularly performed by means of one 

[SOURCE: 250882_english_01042024_0.pdf | chunk:109 | score:0.498]
 is desired to give a statement in evidence by virtue of this section, a certificate doing any of the following things shall be submitted along with the electronic record at each instance where it is being submitted for admission, namely:— (a) identifying the electronic record containing the statement and describing the manner in which it was produced; (b) giving such particulars of any device involved in the production of that electronic record as may be appropriate for the purpose of showing that the electronic record was produced by a computer or a communication device referred to in clauses (a) to (e) of sub-section (3); (c) dealing with any of the matters to which the conditions mentioned in sub-section (2) relate, and purporting to be signed by a person in charge of the computer or communication device or the management of the relevant activities (whichever is appropriate) and an e

[SOURCE: 250882_english_01042024_0.pdf | chunk:106 | score:0.480]
ence or any contents of the original or of any fact stated therein of which direct evidence would be admissible. (2) The conditions referred to in sub-section (1) in respect of a computer output shall be the following, namely:— (a) the computer output containing the information was produced by the computer or communication device during the period over which the computer or communication device was used regularly to create, store or process information for the purposes of any activity regularly carried on over that period by the person having lawful control over the use of the computer or communication device; (b) during the said period, information of the kind contained in the electronic record or of the kind from which the information so contained is derived was regularly fed into the computer orcommunication device in the ordinary course of the said activities; (c) throughout the mate

[SOURCE: 250882_english_01042024_0.pdf | chunk:4 | score:0.471]
ce and voice mail messages stored on digital devices are documents; (e) ""evidence"" means and includes— (i) all statements including statements given electronically which the Court permits or requires to be made before it by witnesses in relation to matters of fact under inquiry and such statements are called oral evidence; (ii) all documents including electronic or digital records produced for the inspection of the Court and such documents are called documentary evidence; (f) ""fact"" means and includes— (i) any thing, state of things, or relation of things, capable of being perceived by the senses; (ii) any mental condition of which any person is conscious. Illustrations. (i) That there are certain objects arranged in a certain order in a certain place, is a fact. (ii) That a person heard or saw something, is a fact. (iii) That a person said certain words, is a fact. Definitions. 2 THE GA

QUESTION:
Under BNSS 2023, what is “electronic communication”?

Answer with citations. 
<|assistant|>
BNSS 2023 defines ""electronic communication"" as ""the communication of any written, verbal, pictorial information or video content transmitted (whether from one person to another, from one device to another or from a person to a device or from a device to a person) by means of an electronic device including but not limited to—a telephone, a mobile or cellular phone, or other wireless telecommunication device, or a computer, or audio-video pl

The definition of ""electronic communication"" in BNSS 2023 includes the following:

1. Communication of any written, verbal, pictorial information or video content transmitted (whether from one person to another, from one device to another or from a person to a device or from a device to a person) by means of an electronic device including but not limited to—
a. Telephone
b. Mobile or cellular phone
c. Computer or communication device
d. Audio-video pl

2. Communication of any information stored on digital devices, including but not limited to:
a. Documents
b. Documentary evidence
","Electronic communication is transmission of written, verbal, pictorial or video content between persons/devices via electronic devices."
TinyLlama/TinyLlama-1.1B-Chat-v1.0 | sentence-transformers/all-mpnet-base-v2 | dense | k=6,q8_bnss_bailable_nonbailable,Define “bailable offence” and “non-bailable offence” under BNSS 2023.,6,1,0.16666666666666666,1.0,0,5.9483045270001185,1912,"Bharatiya_Nagarik_Suraksha_Sanhita,_2023.pdf",0.7080159187316895,"<|system|>
You are a careful assistant. Answer strictly from CONTEXT.
If the answer is not in the context, say: ""I don't know based on the provided documents."".
Cite sources like (doc_id, chunk_id). 
<|user|>
CONTEXT:
[SOURCE: Bharatiya_Nagarik_Suraksha_Sanhita,_2023.pdf | chunk:747 | score:0.708]
writing his or its reasons or special reasons for so doing. When bail may be taken in case of non-bailable offence. 5 10 15 20 25 30 35 40 45 146 (5) Any Court which has released a person on bail under sub-section ( 1) or sub-section ( 2), may, if it considers it necessary so to do, direct that such person be arrested and commit him to custody. (6) If, in any case triable by a Magistrate, the trial of a person accused of any non-bailable offence is not concluded within a period of sixty days from the first date fixed for taking evidence in the case, such person shall, if he is in custody during the whole of the said period, be released on bail to the satisfaction of the Magistrate, unless for reasons to be recorded in writing, the Magistrate otherwise directs. (7) If, at any time, after the conclusion of the trial of a person accused of a non-bailable offence and before judgment is deliv

[SOURCE: Bharatiya_Nagarik_Suraksha_Sanhita,_2023.pdf | chunk:43 | score:0.687]
ion, search and seizure or evidence, transmission of electronic communication and for such other purposes and by such other means as the State Government may, by rules provide;""; (b) ""bailable offence"" means an offence which is shown as bailable in the First Schedule, or which is made bailable by any other law for the time being in force; and ""non-bailable offence"" means any other offence; (c) ""charge"" includes any head of charge when the charge contains more heads than one; (d) ""cognizable offence"" means an offence for which, and ""cognizable case"" means a case in which, a police officer may, in accordance with the First Schedule or under any other law for the time being in force, arrest without warrant; (e) ""complaint"" means any allegation made orally or in writing to a Magistrate, with a view to his taking action under this Sanhita, that some person, whether known or unknown, has commi

[SOURCE: Bharatiya_Nagarik_Suraksha_Sanhita,_2023.pdf | chunk:806 | score:0.685]
ine. Ditto Non-bailable Ditto. (2) If an act which causes harm be done in consequence of the abetment. Imprisonment for 14 years and fine. Ditto Ditto Ditto. 56 (1) Abetment of offence punishable with imprisonment. Imprisonment extending to a quarter part of the longest term provided for the offence, or fine, or both. Ditto According as offence abetted is bailable or non- bailable. Ditto. (2) If the abettor or the person abetted be a public servant whose duty it is to prevent the offence. one- half of the longest term provided for that offence, or with such fine as is provided for the offence, or with both. Ditto Ditto Ditto. 159 (1) (2) (3) (4) (5) (6) 57 Abetting commission of offence by the public or by more than ten persons. imprisonment of either description for a term which may extend to seven years and with fine According as offence abetted is cognizable or non-cognizable. Accordi

[SOURCE: Bharatiya_Nagarik_Suraksha_Sanhita,_2023.pdf | chunk:745 | score:0.684]
itted a non-bailable offence, but that there are sufficient grounds for further inquiry into his guilt, the accused shall, subject to the provisions of section 494 and pending such inquiry, be released on bail, or, at the discretion of such officer or Court, on the execution by him of a bond without sureties for his appearance as hereinafter provided. (3) When a person accused or suspected of the commission of an offence punishable with imprisonment which may extend to seven years or more or of an offence under Chapter VI, Chapter XVI or Chapter XVII of the Bharatiya Nagarik Suraksha Sanhita, 2023 or abatement of, or conspiracy or attempt to commit, any such offence, is released on bail under sub-section (1), the Court shall impose the conditions,— (a) that such person shall attend in accordance with the conditions of the bond executed under this Chapter; (b) that such person shall not c

[SOURCE: Bharatiya_Nagarik_Suraksha_Sanhita,_2023.pdf | chunk:744 | score:0.680]
ing identified by witnesses during investigation shall not be sufficient ground for refusing to grant bail if he is otherwise entitled to be released on bail and gives an undertaking that he shall comply with such directions as may be given by the Court: Provided also that no person shall, if the offence alleged to have been committed by him is punishable with death, imprisonment for life, or imprisonment for seven years or more, be released on bail by the Court under this sub-section without giving an opportunity of hearing to the Public Prosecutor. (2) If it appears to such officer or Court at any stage of the investigation, inquiry or trial, as the case may be, that there are not reasonable grounds for believing that the accused has committed a non-bailable offence, but that there are sufficient grounds for further inquiry into his guilt, the accused shall, subject to the provisions o

[SOURCE: Bharatiya_Nagarik_Suraksha_Sanhita,_2023.pdf | chunk:742 | score:0.677]
n ( 1) for the release of such person on bail. In what cases bail to be taken. Maximum period for which undertrial prisoner can be detained. 5 10 15 20 25 30 35 40 45 145 482. (1) When any person accused of, or suspected of, the commission of any non-bailable offence is arrested or detained without warrant by an officer in charge of a police station or appears or is brought before a Court other than the High Court or Court of session, he may be released on bail, but— (i) such person shall not be so released if there appear reasonable grounds for believing that he has been guilty of an offence punishable with death or imprisonment for life; (ii) such person shall not be so released if such offence is a cognizable offence and he had been previously convicted of an offence punishable with death, imprisonment for life or imprisonment for seven years or more, or he had been previously convict

QUESTION:
Define “bailable offence” and “non-bailable offence” under BNSS 2023.

Answer with citations. 
<|assistant|>
BNSS 2023 defines ""bailable offence"" as an offence that is made bailable by any law for the time being in force, while ""non-bailable offence"" is any other offence. The definition of ""bailable offence"" includes any offence for which, and ""cognizable offence"" includes a case in which, a police officer may, in accordance with the First Schedule or under any other law for the time being in force, arrest without warrant. The definition of ""non-bailable offence"" includes any offence that is made non-bailable by any law for the time being in force.",Bailable offence: shown as bailable in the First Schedule or made bailable by other law. Non-bailable offence: any other offence.
TinyLlama/TinyLlama-1.1B-Chat-v1.0 | sentence-transformers/all-mpnet-base-v2 | dense | k=6,q9_goi1935_lists_counts,"As per the notes, what were the three subject lists under the Government of India Act 1935 and how many items did each have?",6,1,0.16666666666666666,1.0,0,2.924807460000011,1586,UNIT III.pdf,0.7351288795471191,"<|system|>
You are a careful assistant. Answer strictly from CONTEXT.
If the answer is not in the context, say: ""I don't know based on the provided documents."".
Cite sources like (doc_id, chunk_id). 
<|user|>
CONTEXT:
[SOURCE: UNIT III.pdf | chunk:0 | score:0.735]
UNIT III THE GOVERNMENT OF INDIA ACT, 1935. Background: As the growing demands of populace led by Indian leader for constitutional reforms in India intensified with progression in the British Rule , the evolving administrative arrangements put in place by the British paved the way for a more responsible government in India premised on the fact of maximum representation of Indian s. India’s support to Britain in the First World War also aided in British acknowledgement of the need for the inclusion of more Indians in the administration of their own country. This formed the basis of the passing of the Government of India Act, 1935 by the British Parliament. This legislation was the l ongest Act passed by the British Parliament after its domination and overtaking of administrative control in India . The Act originally passed, being very lengthy, was divided into two separate acts namely, th

[SOURCE: UNIT III.pdf | chunk:17 | score:0.714]
included three lists. These were: • Federal list - 59 items • Provincial list - 54 items • Concurrent list - 36 items 5 The subjects which were of all-India interest and demanded uniform treatment were put in the Federal list. Only the Federal Legislature could make laws on the Federal subjects. Subjects of mainly of local interest were placed the Provincial list and were wholly within the jurisdiction of the Provincial Legislatures for the purpose of legislation. The third list known as the Concurrent list, and which contained 36 items, included subjects which were primarily Provincial interest but at the same time required uniformity of treatment all over the country. Hence, the Act authorised both the Federal and Provincial Legislatures to pass laws on those subjects. In the event of a conflict, the Federal law was to prevail. In order to resolve this point of conflict, the Constituti

[SOURCE: UNIT III.pdf | chunk:15 | score:0.706]
ad become uncommon for British Acts of Parliament to contain a preamble, the absence of one from the Act of 1935 was a sharp departure from the previous Act(s). By now, the Indian demands were centring around the British India being accorded a constitutional parity with other existing Dominions (Australia, Canada, the Irish Free State, New Zealand and the Union of South Africa) which would have meant complete autonomy within the British Commonwealth. III. Salient Features of the Government of India Act, 1935 The features of the Act can be summed up as follows: I. Division of Subjects/All India Federation: It provided for the establishment of an All India Federation consisting of provinces and princely states as units. The Act divided the powers between the Centre and units in terms of three lists—Federal List (for Centre containing 59 items), Provincial Lis t (for provinces containing 54

[SOURCE: UNIT III.pdf | chunk:27 | score:0.701]
e Government of India Act of 1935 marked the second milestone towards a completely responsible government in India after the Act of 1919. This Act was passed by the British Government in the year 1935. It was one of the lengthiest Acts at that time as it contained 321 sections and 10 schedules. It was also the last constitution of British India, before the country was divided, in 1947, into two parts-India and Pakistan. Once the act was passed the government saw that it was too lengthy to be regulated with efficiency and thus, the government decided to divide it into two parts for the act to function in a proper manner.  THE Act of 1935 served some useful purposes by the experiment of provincial autonomy, thus we can say t hat the Government of India Act 1935 marks a point of no return in the history of constitutional development in India. The Government of India Act 1935 curtailed the 

[SOURCE: UNIT III.pdf | chunk:14 | score:0.695]
e leader Stanley Baldwin. On the basis of the white paper, the Government of India Bill, 1935 was framed which was immensely long containing 473 clauses and 16 schedules and after its passage it came to be known as the Government of India Act, 1935. The Preambular objective of the Government of India Act, 1935 contrasted sharply with the Act of 1919. While the preamble of the Government of India Act, 1919 focused, centred and reaffirmed the statement of the Secretary of State for India, Edwin Montagu, which pledged “the gradual development of self -governing institutions, with a view to the progressive real isation of responsible government in India as an integral part of the British Empire”, the A ct of 1935 seemed devoid of it. While it had become uncommon for British Acts of Parliament to contain a preamble, the absence of one from the Act of 1935 was a sharp departure from the previo

[SOURCE: UNIT III.pdf | chunk:28 | score:0.675]
nt of India Act 1935 marks a point of no return in the history of constitutional development in India. The Government of India Act 1935 curtailed the powers concentrated in the hands of the Central Government and distributed it by ensuring that a decentralised form of government shapes away in India . Separate electorates for women, although they had not asked for it, was quite good for the advancement of women in the decision making process. Even the workers had their separate representation which helped in the advancement of the workers class. This Act was the first attempt to give the provinces an autonomous status by freeing them from external interference. The appointment of the Governor-General and governors, of course, remained in the h ands of the British government and they were not responsible to the legislatures. The act never came near the objective that the nationalist movem

QUESTION:
As per the notes, what were the three subject lists under the Government of India Act 1935 and how many items did each have?

Answer with citations. 
<|assistant|>
The three subject lists under the Government of India Act 1935 were:

1. Federal list: 59 items
2. Provincial list: 54 items
3. Concurrent list: 36 items

Each list contained 59 items and 54 items, respectively.","Federal List (59), Provincial List (54), Concurrent List (36)."
TinyLlama/TinyLlama-1.1B-Chat-v1.0 | sentence-transformers/all-mpnet-base-v2 | dense | k=6,q10_goi1935_provincial_autonomy,"According to the notes, what did “Provincial Autonomy” mean under the Government of India Act 1935, and what timeline is mentioned?",6,1,0.16666666666666666,1.0,0,5.401909035000017,1635,UNIT III.pdf,0.7269682884216309,"<|system|>
You are a careful assistant. Answer strictly from CONTEXT.
If the answer is not in the context, say: ""I don't know based on the provided documents."".
Cite sources like (doc_id, chunk_id). 
<|user|>
CONTEXT:
[SOURCE: UNIT III.pdf | chunk:28 | score:0.727]
nt of India Act 1935 marks a point of no return in the history of constitutional development in India. The Government of India Act 1935 curtailed the powers concentrated in the hands of the Central Government and distributed it by ensuring that a decentralised form of government shapes away in India . Separate electorates for women, although they had not asked for it, was quite good for the advancement of women in the decision making process. Even the workers had their separate representation which helped in the advancement of the workers class. This Act was the first attempt to give the provinces an autonomous status by freeing them from external interference. The appointment of the Governor-General and governors, of course, remained in the h ands of the British government and they were not responsible to the legislatures. The act never came near the objective that the nationalist movem

[SOURCE: UNIT III.pdf | chunk:18 | score:0.691]
to pass laws on those subjects. In the event of a conflict, the Federal law was to prevail. In order to resolve this point of conflict, the Constitution authorised the Governor General to allocate in his discretion the right to legislate on any subject, not included in the lists, either the Centre or the province II. Provincial Autonomy: It abolished diarchy in the provinces and introduced ‘provincial autonomy’ in its place. The provinces were allowed to act as autonomous units of administration in their defined spheres. Moreover, the Act introduced responsible governments in provinces which meant that the governor was required to act with the advice of ministers re sponsible to the provincial legislature. This came into effect in 1937 but was discontinued later in 1939. A redeeming feature of the new Act was that it marked the beginning of the Provincial Autonomy. It was definitely an a

[SOURCE: UNIT III.pdf | chunk:27 | score:0.674]
e Government of India Act of 1935 marked the second milestone towards a completely responsible government in India after the Act of 1919. This Act was passed by the British Government in the year 1935. It was one of the lengthiest Acts at that time as it contained 321 sections and 10 schedules. It was also the last constitution of British India, before the country was divided, in 1947, into two parts-India and Pakistan. Once the act was passed the government saw that it was too lengthy to be regulated with efficiency and thus, the government decided to divide it into two parts for the act to function in a proper manner.  THE Act of 1935 served some useful purposes by the experiment of provincial autonomy, thus we can say t hat the Government of India Act 1935 marks a point of no return in the history of constitutional development in India. The Government of India Act 1935 curtailed the 

[SOURCE: UNIT III.pdf | chunk:15 | score:0.670]
ad become uncommon for British Acts of Parliament to contain a preamble, the absence of one from the Act of 1935 was a sharp departure from the previous Act(s). By now, the Indian demands were centring around the British India being accorded a constitutional parity with other existing Dominions (Australia, Canada, the Irish Free State, New Zealand and the Union of South Africa) which would have meant complete autonomy within the British Commonwealth. III. Salient Features of the Government of India Act, 1935 The features of the Act can be summed up as follows: I. Division of Subjects/All India Federation: It provided for the establishment of an All India Federation consisting of provinces and princely states as units. The Act divided the powers between the Centre and units in terms of three lists—Federal List (for Centre containing 59 items), Provincial Lis t (for provinces containing 54

[SOURCE: UNIT III.pdf | chunk:19 | score:0.664]
was discontinued later in 1939. A redeeming feature of the new Act was that it marked the beginning of the Provincial Autonomy. It was definitely an advance on the Act of 1919. The provinces were allowed to act as autonomous units of administration in their defined spheres. Moreover, the Act introduced responsible governments in provinces, that is, the governor was required to act with the advice of ministers responsible to the provi ncial legislature. This came into effect in 1937 and was discontinued in 1939. This, however, does not mean that the Act of 1935 established a full-fledged responsible Government in the Provinces. The Ministers were not absolutely free in matter of running their departments. The Governors continued to possess a set of overriding powers although such powers were not exercised very often. III. Bicameralism: It introduced bicameralism in six out of eleven provi

[SOURCE: UNIT III.pdf | chunk:0 | score:0.662]
UNIT III THE GOVERNMENT OF INDIA ACT, 1935. Background: As the growing demands of populace led by Indian leader for constitutional reforms in India intensified with progression in the British Rule , the evolving administrative arrangements put in place by the British paved the way for a more responsible government in India premised on the fact of maximum representation of Indian s. India’s support to Britain in the First World War also aided in British acknowledgement of the need for the inclusion of more Indians in the administration of their own country. This formed the basis of the passing of the Government of India Act, 1935 by the British Parliament. This legislation was the l ongest Act passed by the British Parliament after its domination and overtaking of administrative control in India . The Act originally passed, being very lengthy, was divided into two separate acts namely, th

QUESTION:
According to the notes, what did “Provincial Autonomy” mean under the Government of India Act 1935, and what timeline is mentioned?

Answer with citations. 
<|assistant|>
According to the notes, the note on the Government of India Act 1935, the Act introduced responsible governments in provinces, which meant that the governor was required to act with the advice of ministers responsible to the provincial legislature. This came into effect in 1937 and was discontinued later in 1939. The note also mentions that the Act of 1935 marked the beginning of the Provincial Autonomy, which was an advance on the Act of 1919. The note does not provide a timeline for the introduction of Provincial Autonomy.",Provincial autonomy abolished diarchy in provinces; governors acted with advice of responsible ministers. Notes mention it came into effect in 1937 and was discontinued in 1939.
